ident,key,key.retro,key.brminors,name.last,name.first,name.given,birth.date
1916-AA:acosta,cw:b4c12011,acosm101,acosta001bal,Acosta,Merito,Baldomero Pedro,18960519
1916-AA:adams,cw:ce924a73,adamk101,adams-001kar,Adams,Karl,Karl Tutwiler,18910811
1916-AA:aitchison,cw:76434474,aitcr101,aitchi001ral,Aitchison,Raleigh,Raleigh Leonidas,18871205
1916-AA:aldridge,cw:11d3ed8e,aldrv101,aldrid001vic,Aldridge,Vic,Victor,18931025
1916-AA:altizer,cw:f0837d14,altid101,altize001dav,Altizer,Dave,David Tilden,18761106
1916-AA:bailey-col,cw:68ba9133,,bailey038---,Bailey,,,
1916-AA:bailey-tol,cw:17f61317,bailb101,bailey003wil,Bailey,Bill,William F.,18880412
1916-AA:barney,cw:c4f4df94,barne104,barney001edm,Barney,Ed,Edmund J.,18900123
1916-AA:beall-mil,cw:932d7445,bealj101,beall-001joh,Beall,Johnny,John Woolf,18820312
1916-AA:beall-tol,cw:b588156c,,beall-001geo,Beall,George,George,
1916-AA:beck,cw:5158ff90,beckf101,beck--002fre,Beck,Fred,Frederick Thomas,18861117
1916-AA:becker,cw:2874692a,beckb101,becker001dav,Becker,Beals,David Beals,18860705
1916-AA:bedient,cw:af3f564f,bedih101,bedien001hug,Bedient,Hugh,Hugh Carpenter,18891023
1916-AA:benson,cw:33b4289e,,benson001elm,Bensen,Elmer,Elmer Martin,18840911
1916-AA:bentley,cw:2b01a44a,bentj101,bentle001joh,Bentley,Jack,John Needles,18950308
1916-AA:benton,cw:57aabf48,,benton001har,Benton,Harry,Harry F.,
1916-AA:berghammer,cw:e3354447,bergm101,bergha001mar,Berghammer,Marty,Martin Andrew,18880618
1916-AA:berry,cw:65b080d0,berrc101,berry-001cla,Berry,Claude,Claude Elzy,18800214
1916-AA:billings,cw:f0f9ffb8,billj103,billin003joh,Billings,Josh,John Augustus,18911130
1916-AA:block,cw:f4854fff,,block-001geo,Block,George,George,18871106
1916-AA:blodgett,cw:27203601,,blodge001tho,Blodgett,Thomas,Thomas Sherman,18900701
1916-AA:bluejacket,cw:073c9f7f,bluej101,blueja001jam,Bluejacket,Jim,James,18870708
1916-AA:boardman,cw:2b49323a,,boardm005---,Boardman,,,
1916-AA:bowman,cw:2e30a0a7,bowma101,bowman001alv,Bowman,Abe,Alvah Edson,18930125
1916-AA:bradley,cw:41058aa8,bradh101,bradle001hug,Bradley,Hugh,Hugh Frederick,18850523
1916-AA:brady,cw:004a21d5,bradn101,brady-001cor,Brady,Neal,Cornelius Joseph,18970304
1916-AA:bratchi,cw:65603708,bratf101,bratsc001fre,Bratschi,Fred,Frederick Oscar,18920116
1916-AA:bresnahan,cw:90202b76,bresr102,bresna001rog,Bresnahan,Roger,Roger Philip,18790611
1916-AA:bronkie,cw:254b0689,bronh101,bronki001her,Bronkie,Herman,Herman Charles,18850330
1916-AA:bruck,cw:1640307f,,bruck-001fre,Bruck,Fred,Fred H.,18900421
1916-AA:bues,cw:c985c881,buesa101,bues--001art,Bues,Art,Arthur Frederick,18880303
1916-AA:burk,cw:49c260c3,burks101,burk--001cha,Burk,Sandy,Charles Sanford,18870422
1916-AA:carter,cw:c2f903df,,carter032---,Carter,,,
1916-AA:cashion,cw:9c3c84be,cashc101,cashio001jay,Cashion,Carl,Jay Carl,18890604
1916-AA:chappelle,cw:9d958cd9,chapl101,chappe001lav,Chappell,Larry,LaVerne Ashford,18900219
1916-AA:clark,cw:252b2c09,clarp102,clark-004har,Clark,Pep,Harry,18830320
1916-AA:clemons,cw:ff9a0a09,clemv101,clemon001ver,Clemons,Verne,Verne James,18910908
1916-AA:cocreham,cw:e5d4ee8d,cocrg101,cocreh001eug,Cocreham,Gene,Eugene,18841114
1916-AA:coffey,cw:b0d6412c,,coffey003---,Coffey,,,
1916-AA:cole,cw:5cc44834,colew101,cole--006wil,Cole,Willis,Willis Russell,18820106
1916-AA:coleman,cw:0ebe7f0f,coleb102,colema003rob,Coleman,Bob,Robert Hunter,18900926
1916-AA:collamore,cw:17eab8a9,colla101,collam001all,Collamore,Allan,Allan Edward,18870605
1916-AA:compton,cw:f6ba10e4,compp101,compto001ann,Compton,Pete,Anna Sebastian,18890928
1916-AA:comstock,cw:26819e08,comsr101,comsto001ral,Comstock,Ralph,Ralph Remick,18901124
1916-AA:corriden,cw:c75b15a6,corrr101,corrid001joh,Corriden,Red,John Michael,18870904
1916-AA:crandall,cw:85d91db4,,cranda002kar,Crandall,Karl,Karl Everett,18890330
1916-AA:critchlow,cw:f1ac7a7e,,critch001---,Critchlow,,,
1916-AA:cruise,cw:8fc9999e,cruiw101,cruise001wal,Cruise,Walton,Walton Edwin,18900506
1916-AA:crutcher,cw:53d37e4c,crutd101,crutch001ric,Crutcher,Dick,Richard Luther,18891125
1916-AA:curtis,cw:d2f9555c,curtc101,curtis001cli,Curtis,Cliff,Clifton Garfield,18810703
1916-AA:dale,cw:69ceccb1,daleg101,dale--001emm,Dale,Gene,Emmett Eugene,18890616
1916-AA:daniels,cw:8353bd4f,danib101,daniel001ben,Daniels,Bert,Bernard Elmer,18821031
1916-AA:davis,cw:abe31881,david102,davis-003fra,Davis,Dixie,Frank Talmadge,18901012
1916-AA:dawson,cw:e6f7fb55,dawsr101,dawson001rex,Dawson,Rex,Rexford Paul,18880210
1916-AA:deal,cw:561ceb40,dealc102,deal--001cha,Deal,Charlie,Charles Albert,18911030
1916-AA:demmitt,cw:54d8cd78,demmr101,demmit001cha,Demmitt,Ray,Charles Raymond,18840202
1916-AA:derrick,cw:473e24c5,derrc101,derric001cla,Derrick,Claud,Claud Lester,18860611
1916-AA:devogt,cw:7bb685f6,devor101,devogt001rex,DeVogt,Rex,Rex Eugene,18880104
1916-AA:devore,cw:c5ae4721,devoj101,devore001jos,Devore,Josh,Joshua M.,18871113
1916-AA:dickerson,cw:62ea40a2,dickg102,dicker001geo,Dickerson,George,George Clark,18921201
1916-AA:dilhoefer,cw:3c8bc149,dillp101,dillho001wil,Dillhoefer,Pickles,William Martin,18931013
1916-AA:dolan,cw:075c9522,dolac102,dolan-001alb,Dolan,Cozy,Albert James,18821223
1916-AA:donovan,cw:6f4e797b,,donova002g--,Donovan,Red,G.,
1916-AA:douglas,cw:3db5329e,dougp101,dougla001phi,Douglas,Phil,Phillip Brooks,18900617
1916-AA:dressen,cw:c8489ecc,dresl101,dresse001lee,Dressen,Lee,Leo August,18890723
1916-AA:dumont,cw:32e4e056,dumog101,dumont001geo,Dumont,George,George Henry,18951113
1916-AA:duncan,cw:7a20d9a7,duncv101,duncan001ver,Duncan,Vern,Vernon Van Duke,18900106
1916-AA:engel,cw:0b2c56a9,engej101,engel-001jos,Engel,Joe,Joseph William,18930312
1916-AA:evans,cw:5a35b4d2,evans101,evans-002lou,Evans,Steve,Louis Richard,18850217
1916-AA:faeth,cw:5529a928,faett101,faeth-001ant,Faeth,Tony,Anthony Joseph,18930709
1916-AA:falkenberg,cw:5976f14c,falkc101,falken001fre,Falkenberg,Cy,Frederick Peter,18791217
1916-AA:farmer,cw:3e0a264d,farmj101,farmer001flo,Farmer,Jack,Floyd Haskell,18920714
1916-AA:faye,cw:84d57887,,faye--001edw,Faye,Ed,Edward,18910109
1916-AA:fillingim,cw:f672145b,,fillin004---,Fillingim,,,
1916-AA:finneran,cw:1a46316d,finnh102,finner001jos,Finneran,Happy,Joseph Ignatius,18901029
1916-AA:gardner,cw:4e63931c,garde101,gardne001ear,Gardner,Earle,Earle McClurkin,18840124
1916-AA:george,cw:16c4bf84,georl101,george001tho,George,Lefty,Thomas Edward,18860813
1916-AA:gerber,cw:43e3e4ea,gerbw101,gerber001wal,Gerber,Wally,Walter,18910818
1916-AA:gilbert,cw:94426bef,gilbl101,gilber001law,Gilbert,Larry,Lawrence William,18911203
1916-AA:glenn,cw:2de209db,glenh101,glenn-001har,Glenn,Harry,Harry Melville,18900609
1916-AA:gossett,cw:ed4cbfd1,gossd101,gosset001joh,Gossett,Dick,John Star,18900821
1916-AA:griner,cw:f05dd83a,grind101,griner001don,Griner,Dan,Donald Dexter,18880307
1916-AA:handford,cw:15e7f93a,hanfc101,hanfor001cha,Hanford,Charlie,Charles Joseph,18820603
1916-AA:hargrave,cw:b28873a6,hargb101,hargra001eug,Hargrave,Bubbles,Eugene Franklin,18920715
1916-AA:heatley,cw:1bab518c,,heatle001ral,Heatley,Ralph,Ralph,
1916-AA:henning,cw:f8e7610f,,hemmin001---,Hemming,,,
1916-AA:holland,cw:7cc2d49c,,hollan002har,Holland,Harry,Harry S.,
1916-AA:hopper,cw:d7014fde,hoppb101,hopper001wil,Hopper,Bill,William Booth,18910826
1916-AA:hovlik,cw:02eb75c0,hovlj101,hovlik001jos,Hovlik,Joe,Joseph,18840816
1916-AA:hulswitt,cw:eb4f9f9f,hulsr101,hulswi001rud,Hulswitt,Rudy,Rudolph Edward,18770223
1916-AA:humphries,cw:91b3b205,humpb101,humphr002alb,Humphries,Bert,Albert,18800926
1916-AA:james,cw:f918b3e9,jamel102,james-004wil,James,Lefty,William L.,18890701
1916-AA:jennings,cw:3cfcf354,,jennin001mor,Jennings,Morley,Morley,
1916-AA:johns,cw:105c211d,johnp101,johns-002wil,Johns,Pete,William R.,18880117
1916-AA:kaiserling,cw:647e20e3,kaisg101,kaiser002geo,Kaiserling,George,George,18930512
1916-AA:kelly,cw:2676457d,kellj102,kelly-004jos,Kelly,Joe,Joseph Henry,18860923
1916-AA:killifer,cw:1939cba2,killr101,killef001wad,Killefer,Red,Wade,18850413
1916-AA:kirke,cw:72ecb5a6,kirkj101,kirke-002jud,Kirke,Jay,Judson Fabian,18880616
1916-AA:knight,cw:cba9cbe4,knigj102,knight004joh,Knight,John,John Wesley,18851006
1916-AA:kraft,cw:63fccd1f,krafc101,kraft-001cla,Kraft,Clarence,Clarence Otto,18870609
1916-AA:lalonge,cw:1465b56f,,lalong002lew,LaLonge,Mickey,Lewis Napoleon,18840418
1916-AA:land,cw:798bc3cf,landg101,land--001gro,Land,Grover,Grover Cleveland,18840922
1916-AA:lathrop,cw:3b9fe682,lathb101,lathro001wil,Lathrop,Bill,William George,18910812
1916-AA:lear,cw:e73f5313,leark101,lear--001cha,Lear,King,Charles Bernard,18910123
1916-AA:leary,cw:17f3a8da,learj101,leary-002joh,Leary,John,John Louis,18910502
1916-AA:leifield,cw:c7cf9d49,leifl101,leifie001alb,Leifield,Lefty,Albert Peter,18830905
1916-AA:lelivelt,cw:cb2421f9,lelij101,lelive001joh,Lelivelt,Jack,John Frank,18851114
1916-AA:leonard,cw:9d9cfa1e,leonj101,leonar002jos,Leonard,Joe,Joseph Howard,18931114
1916-AA:lewis,cw:5974085d,lewip101,lewis-001phi,Lewis,Phil,Philip,18831007
1916-AA:lingrel,cw:0d73aa0e,,lingre001rey,Lingrel,Ray,Reybold,18950531
1916-AA:luque,cw:29c1fec2,luqud101,luque-001ado,Luque,Dolf,Adolfo Domingo de Guzman,18900804
1916-AA:main,cw:e4cb9718,maina101,main--001mil,Main,Alex,Miles Grant,18840513
1916-AA:malone,cw:a01e6863,malol101,malone001lew,Malone,Lew,Lewis Aloysius,18970313
1916-AA:martin,cw:84c2950a,martj109,martin005joh,Martin,Jack,John Christopher,18870419
1916-AA:martina,cw:f3456129,martj104,martin020joh,Martina,John,John Joseph,18890708
1916-AA:massey,cw:9738a6cc,massr101,massey002roy,Massey,Red,Roy Hardee,18901009
1916-AA:mayer,cw:a248eb47,mayew101,mayer-001wal,Mayer,Wally,Walter A.,18900708
1916-AA:mccall,cw:11d9e7e5,mccoa103,mccoll001ale,McColl,Alex,Alexander Boyd,18940329
1916-AA:mccarthy,cw:2c77f933,mccaj802,mccart005jos,McCarthy,Joe,Joseph Vincent,18870421
1916-AA:mccarty,cw:18c675b7,,mccart011joh,McCarty,Jack,John Ambrose,18900422
1916-AA:mcgraynor,cw:c1ee4bdc,mcgrh101,mcgran001how,McGraner,Howard,Howard,18890911
1916-AA:mchenry,cw:0dbc4896,mchea101,mchenr001aus,McHenry,Austin,Austin Bush,18950922
1916-AA:menosky,cw:2205428e,menom101,menosk001mic,Menosky,Mike,Michael William,18941016
1916-AA:middleton,cw:e5c606f4,middj102,middle001jam,Middleton,Jim,James Blaine,18890528
1916-AA:moran,cw:d6d86804,morah102,moran-001har,Moran,Harry,Harry Edwin,18890402
1916-AA:mulligan,cw:be877a4c,mullj103,mullig001edw,Mulligan,Eddie,Edward Joseph,18940827
1916-AA:murphy,cw:e26246a0,murpl101,murphy002leo,Murphy,Leo,Leo Joseph,18890107
1916-AA:nash,cw:d0d96670,nashk101,nash--001ken,Nash,Ken,Kenneth Leland,18880714
1916-AA:niehaus,cw:53de96b0,niehd101,niehau001ric,Niehaus,Dick,Richard J.,18921024
1916-AA:niles,cw:986b8a2f,nileh101,niles-001her,Niles,Harry,Herbert Clyde,18800910
1916-AA:northrop,cw:12a76cb4,nortj102,northr001geo,Northrop,Jake,George Howard,18880305
1916-AA:oleary,cw:06587cf1,oleac101,oleary001cha,O'Leary,Charley,Charles Timothy,18751015
1916-AA:otoole,cw:fb2d4b15,otoom101,otoole001mar,O'Toole,Marty,Martin James,18881127
1916-AA:owens,cw:e2b171ab,owenf101,owens-001fra,Owens,Yip,Frank Walter,18860125
1916-AA:paddock,cw:60359231,paddd101,paddoc001del,Paddock,Del,Delmer Harold,18870608
1916-AA:palmero,cw:58c88431,palme102,palmer002emi,Palmero,Emilio,Emilio Antonio,18950613
1916-AA:perdue,cw:584e9b10,perdh101,perdue001her,Perdue,Hub,Herbert Rodney,18820607
1916-AA:perring,cw:febe2db2,perrg102,perrin001geo,Perring,George,George Wilson,18840813
1916-AA:phelan,cw:cca1bd2c,phela101,phelan002art,Phelan,Art,Arthur Thomas,18870814
1916-AA:pieh,cw:37a4cadd,piehc101,pieh--001edw,Pieh,Cy,Edwin John Otto,18860929
1916-AA:pierce,cw:65ec9731,pearg101,pearce001geo,Pierce,George,George Thomas,18880110
1916-AA:platte,cw:356ab05a,plata101,platte001alf,Platte,Al,Alfred Frederick Joseph,18900413
1916-AA:pratt,cw:c0deaa56,pratl101,pratt-001les,Pratt,Larry,Lester John,18871008
1916-AA:rawlings,cw:95ca9747,rawlj101,rawlin002joh,Rawlings,Johnny,John William,18920817
1916-AA:reed,cw:5c57badd,,reeb--001oll,Reeb,Ollie,Ollie,
1916-AA:regan,cw:638b563c,regam101,regan-001mic,Regan,Mike,Michael John,18871119
1916-AA:reilley,cw:84508e88,reild101,reille001ale,Reilley,Duke,Alexander Aloysius,18840825
1916-AA:rhodes,cw:8e6f15a6,,rhodes011---,Rhodes,,,
1916-AA:riggert,cw:00dbd22e,riggj101,rigger001jos,Riggert,Joe,Joseph Aloysius,18861211
1916-AA:ring,cw:f9428686,ringj101,ring--001jam,Ring,Jimmy,James Joseph,18950215
1916-AA:roach,cw:4a0daf44,roacr101,roach-001wil,Roach,Roxey,Wilbur Charles,18821128
1916-AA:rogge,cw:65d0e78e,roggc101,rogge-001fra,Rogge,Clint,Francis Clinton,18890719
1916-AA:rondeau,cw:8e840fae,rondh101,rondea001hen,Rondeau,Henri,Henri Joseph,18870505
1916-AA:sanders,cw:a55d14e5,sandr104,sander002roy,Sanders,Roy,Roy Garvin,18920801
1916-AA:schang,cw:75ab5c96,schab101,schang002rob,Schang,Bobby,Robert Martin,18861207
1916-AA:schauer,cw:4cee0026,schar101,schaue001ale,Schauer,Rube,Alexander John,18910319
1916-AA:scheer,cw:c331b402,schea102,scheer001alb,Scheer,Al,Allen George,18881027
1916-AA:scherdell,cw:47e26849,sherb101,sherde001wil,Sherdel,Bill,William Henry,18960815
1916-AA:seaton,cw:5679fc51,seatt102,seaton001tho,Seaton,Tom,Thomas Gordon,18870830
1916-AA:shackelford,cw:8a9b6a67,,shacke001joh,Shackelford,John,John C.,
1916-AA:shaw,cw:91009de3,shawa102,shaw--003alb,Shaw,Al,Albert Simpson,18810301
1916-AA:slapnicka,cw:b38d9ea2,slapc101,slapni001cyr,Slapnicka,Cy,Cyril Charles,18860323
1916-AA:smith-kc,cw:00f9ee02,,smith-013a--,Smith,A.,A.,
1916-AA:smith-min,cw:b5ea7fe0,smitw103,smith-002wal,Smith,Wally,Wallace Henry,18880313
1916-AA:smith-sp,cw:1def5616,smitf103,smith-006fre,Smith,Fred,Fred Vincent,18910729
1916-AA:spellman,cw:c53019a6,,spellm001edw,Spellman,Ed,Edward,1889
1916-AA:steil,cw:ee930c16,,steil-001mel,Steil,Melbourne,Melbourne Henry Ford,18931114
1916-AA:stovall,cw:2eb65ef8,stovg101,stoval001geo,Stovall,George,George Thomas,18771123
1916-AA:strand,cw:e33fdf83,strap101,strand001pau,Strand,Paul,Paul Oscar Edward,18931219
1916-AA:stroud,cw:739b230b,stros102,stroud002ral,Stroud,Sailor,Ralph Vivian,18850315
1916-AA:stumpf,cw:1e590120,,stumpf001edw,Stumpf,Eddie,Edward C.,18940515
1916-AA:stutz,cw:75329fa8,stutg101,stutz-001geo,Stutz,George,George Washington,18890213
1916-AA:sweeney,cw:cfb74636,sweej102,sweene002edw,Sweeney,Ed,Edward Francis,18880719
1916-AA:thorpe,cw:5ce7670a,thorj101,thorpe001jam,Thorpe,Jim,James Francis,18870528
1916-AA:tierney,cw:29b277f6,tierc101,tierne001jam,Tierney,Cotton,James Arthur,18940210
1916-AA:upham,cw:8d7c3d4a,uphab101,upham-001wil,Upham,Bill,William Lawrence,18880404
1916-AA:vance,cw:5c1fec75,vancd101,vance-001cla,Vance,Dazzy,Charles Arthur,18910304
1916-AA:walker,cw:0958b571,walkd102,walker001ewa,Walker,Dixie,Ewart Gladstone,18880601
1916-AA:walsh,cw:4d57c4fd,walsd101,walsh-002leo,Walsh,Dee,Leo Thomas,18900328
1916-AA:wells,cw:7d15d504,,wells-003r--,Wells,R.,R. G.,
1916-AA:wendell,cw:1df2c474,wendl101,wendel003lew,Wendell,Lew,Lewis Charles,18920322
1916-AA:whiteman,cw:42a33ee6,whitg101,whitem001geo,Whiteman,George,George,18821223
1916-AA:wickland,cw:b53b90c6,wicka101,wickla001alb,Wickland,Al,Albert,18880127
1916-AA:williams-mil,cw:4be8d85e,willr103,willia001rin,Williams,Rinaldo,Rinaldo Louis,18931218
1916-AA:williams-min,cw:2045712a,willm103,willia007dav,Williams,Mutt,David Carter,18920731
1916-AA:willis,cw:44a25be5,willj103,willis001jos,Willis,Joe,Joseph Dank,18900409
1916-AA:wise,cw:516f89cb,,wise--001har,Wise,Harold,Harold,
1916-AA:wood,cw:c5fd1a83,woodr103,wood--001roy,Wood,Roy,Roy Winton,18920829
1916-AA:wortman,cw:031d392c,wortc101,wortma001wil,Wortman,Chuck,William Lewis,18920105
1916-AA:wright,cw:c9b62d8e,,wright062---,Wright,,,
1916-AA:yingling,cw:ccd1aa36,yinge101,yingli001ear,Yingling,Earl,Earl Hershey,18881029
1916-AA:young,cw:ba49722e,youni101,young-001irv,Young,Irv,Irving Melrose,18770721
1916-AA:zinn,cw:78c31666,zinng101,zinn--001guy,Zinn,Guy,Guy,18870213
1916-AA:zwilling,cw:84bff430,zwild101,zwilli001edw,Zwilling,Dutch,Edward Harrison,18881102
1916-CENL:ainsworth,cw:1de99e6c,,ainswo001ear,Ainsworth,Red,Earl Clifford,18900807
1916-CENL:alcock,cw:27b01878,alcos101,alcock001joh,Alcock,Scotty,John Forbes,18851129
1916-CENL:altenberg,cw:b63a4b08,altej101,altenb001jes,Altenburg,Jesse,Jesse Howard,18930102
1916-CENL:anderson-sb,cw:9c5e230d,andew102,anders004wal,Anderson,Walter,Walter Carl,18970925
1916-CENL:anderson-spr,cw:b284f179,,anders001ted,Anderson,Ted,Ted,
1916-CENL:bailey,cw:c2495ece,,bailey027---,Bailey,,,
1916-CENL:bashang,cw:a4c3df73,basha101,bashan001alb,Bashang,Al,Albert C.,18880822
1916-CENL:beall,cw:b588156c,,beall-001geo,Beall,George,George,
1916-CENL:beyers,cw:5cb32a48,,beyers001---,Beyers,,,
1916-CENL:blackwell,cw:4413fc25,blacf101,blackw002fre,Blackwell,Fred,Frederick William,18910907
1916-CENL:blank,cw:03ae1cf4,,blank-001her,Blank,Herb,Herb,
1916-CENL:bonnin,cw:a46bc2ac,bonil101,bonin-001ern,Bonin,Luther,Ernest Luther,18880113
1916-CENL:bowman,cw:2e30a0a7,bowma101,bowman001alv,Bowman,Abe,Alvah Edson,18930125
1916-CENL:brant,cw:0f8d031f,,brant-001har,Brant,Harry,Harry Harrison,18890327
1916-CENL:bratchi,cw:65603708,bratf101,bratsc001fre,Bratschi,Fred,Frederick Oscar,18920116
1916-CENL:bravener,cw:c13c1723,,braven001maj,Bravener,Major,Major,18930110
1916-CENL:brubaker,cw:760ba21b,,brubak001ray,Brubaker,Ray,Ray Keith,18921119
1916-CENL:callahan,cw:20f90e42,callw101,callah001wes,Callahan,Wese,Wese LeRoy,18880703
1916-CENL:caveny,cw:2718fa7e,cavei101,cavene001jam,Caveney,Ike,James Christopher,18941210
1916-CENL:clarke,cw:e73f8472,,clarke001ken,Clarke,Kenneth,Kenneth Lane,18910501
1916-CENL:cleveland,cw:8868baec,,clevel001bw-,Cleveland,B. W.,B. W.,
1916-CENL:collins,cw:d9d21d8c,,collin006jam,Collins,James,James J.,
1916-CENL:compton,cw:f6123906,compj101,compto001har,Compton,Jack,Harry Leroy,18820309
1916-CENL:coveleskie,cw:b89353b9,,covele001joh,Coveleski,John,John,18841109
1916-CENL:cramer,cw:7f21fed9,cramb101,cramer002wil,Cramer,Bill,William Wendell,18910522
1916-CENL:crichlow,cw:b7f59a87,,crichl001les,Crichlow,George,Leslie James,18870919
1916-CENL:crum,cw:d82d8563,crumc101,crum--001cal,Crum,Cal,Clarence Newton,18890727
1916-CENL:daly,cw:c49680eb,dalej102,daley-001joh,Daley,John,John Francis,18870525
1916-CENL:devogt,cw:7bb685f6,devor101,devogt001rex,DeVogt,Rex,Rex Eugene,18880104
1916-CENL:devormer,cw:254926bc,devoa101,devorm001alb,DeVormer,Al,Albert E.,18910819
1916-CENL:donley,cw:0eb064ee,,donley001cor,Donley,Neil,Cornelius E.,
1916-CENL:donnelly,cw:fc4d44cc,,donnel028---,Donnelly,,,
1916-CENL:douglas,cw:66eb234b,dougl101,dougla002law,Douglas,Larry,Lawrence Howard,18900605
1916-CENL:dowling,cw:4a90651d,,dowlin005---,Dowling,,,
1916-CENL:duffy,cw:c8e5d7f7,,duffy-024---,Duffy,,,
1916-CENL:duncan,cw:f2ac8e3a,duncp101,duncan001lou,Duncan,Pat,Louis Baird,18931006
1916-CENL:dunn,cw:9c7e7bf5,dunnj101,dunn--001jos,Dunn,Joe,Joseph Edward,18850311
1916-CENL:edington,cw:3fda29a5,edins101,edingt001jac,Edington,Stump,Jacob Frank,18910704
1916-CENL:emmer,cw:69ed6f2b,emmef101,emmer-001fra,Emmer,Frank,Frank William,18960217
1916-CENL:evers,cw:91535282,everj101,evers-001jos,Evers,Joe,Joseph Francis,18910910
1916-CENL:fisher-mus,cw:e637e12c,,fisher005wil,Fisher,William,William A.,
1916-CENL:fisher-sb,cw:0cbb2539,,fisher003---,Fisher,,,
1916-CENL:fluhrer,cw:41ed8065,fluhj101,fluhre001joh,Fluhrer,John,John Lester,18940103
1916-CENL:french,cw:69e98c4e,,french001---,French,,,
1916-CENL:fromholtz,cw:fd79ae89,,fromho001jac,Fromholtz,Jake,Jacob J.,18861114
1916-CENL:frost,cw:f4a63eed,,frost-001jam,Frost,James,James R.,
1916-CENL:gilbert,cw:24308465,,gilber001ruf,Gilbert,Rufus,Rufus Wellington,18841208
1916-CENL:goosetree,cw:f11df283,,gooset001ed-,Goostree,Eddie,Mallie Edward,18880126
1916-CENL:goshorn,cw:bf5a75b0,,goshor001gro,Goshorn,Grover,Grover,
1916-CENL:gray,cw:43318de9,,gray--010wil,Gray,William,William,
1916-CENL:grefe,cw:5fd44c76,,grefe-001emi,Grefe,Emil,Emil,18860114
1916-CENL:grimes,cw:4cb5319e,,grimes008---,Grimes,,,
1916-CENL:grodick,cw:7a3c4e52,,grodic001jos,Grodick,Joseph,Joseph,
1916-CENL:gygli,cw:46ad9992,,gygli-001fra,Gygli,Frank,Frank Fred,18831029
1916-CENL:haggerty,cw:8a0d34a5,,hagger001hug,Haggerty,Hugh,Hugh J.,
1916-CENL:haines,cw:afeb716c,hainj101,haines001jes,Haines,Jesse,Jesse Joseph,18930722
1916-CENL:hanna,cw:56684b8e,,hanna-001mar,Hanna,Mark,Mark,
1916-CENL:harris-mus,cw:3e0358a5,harrb106,harris001sta,Harris,Bucky,Stanley Raymond,18961108
1916-CENL:harris-spr,cw:eb378972,,harris002h--,Harris,H.,H. J.,
1916-CENL:hart,cw:20ca2c46,,hart--008wil,Hart,William,William Fredrick,18900518
1916-CENL:hartle,cw:21d09d8c,,hartle002art,Hartle,Arthur,Arthur,18890208
1916-CENL:hauger,cw:108a79fd,hauga101,hauger001joh,Hauger,Arthur,John Arthur,18911118
1916-CENL:helmar,cw:4bb2f963,,helmar001---,Helmar,,,
1916-CENL:henning,cw:b75a8328,,hennin001oak,Henning,Oak,Oak,
1916-CENL:hensling,cw:a9974320,,hensli001art,Hensling,Whitey,Arthur Reinhart,18890203
1916-CENL:hibble,cw:92eedd96,,hibble001---,Hibble,,,
1916-CENL:hill,cw:302b7c40,hillh105,hill--001her,Hill,Herbert,Herbert Lee,18910819
1916-CENL:hobbs,cw:a0b3476d,hobbb101,hobbs-003wil,Hobbs,Bill,William Lee,18930507
1916-CENL:hoffman,cw:4593fb5f,hofft101,hoffma001edw,Hoffman,Tex,Edward Adolph,18931130
1916-CENL:holderman,cw:81ce916f,,holder001jak,Holderman,Jake,J. W.,
1916-CENL:house,cw:3e4743a4,,house-004---,House,,,
1916-CENL:hungling,cw:1c7ea574,hungb101,hungli001ber,Hungling,Bernie,Bernard Herman,18960305
1916-CENL:isaacs,cw:c8d961b2,,isaacs004---,Isaacs,,,
1916-CENL:jacobs,cw:70be68e4,jacoo101,jacobs002ott,Jacobs,Otto,Otto Albert,18890419
1916-CENL:kading,cw:05b38138,,kading001---,Kading,,,
1916-CENL:kelley,cw:e5769a20,,kelley044---,Kelley,,,
1916-CENL:king,cw:4b7d0099,kingl103,king--001edw,King,Lee,Edward Lee,18921226
1916-CENL:knoll,cw:078772c2,knolp101,knoll-001cha,Knoll,Punch,Charles Elmer,18811007
1916-CENL:koehler,cw:45ad3b1c,koehb101,koehle001ber,Koehler,Ben,Bernard James,18770126
1916-CENL:lakaff,cw:dd69800c,,lakaff001nic,Lakaff,Nick,Nicholas,18880814
1916-CENL:laross,cw:19443819,laroh101,laross001har,LaRoss,Harry,Harry Raymond,18880102
1916-CENL:larsen,cw:9898b79e,,larsen001ber,Larsen,Bert,Bert R.,
1916-CENL:lear,cw:d8f6a79b,learf102,lear--001fre,Lear,Fred,Frederick Francis,18940407
1916-CENL:leibrock,cw:0a6925be,,leibro001---,Leibrock,,,
1916-CENL:leroy,cw:b0cb6bb0,lerol101,leroy-001lou,LeRoy,Louis,Louis Paul,18790218
1916-CENL:loudermilk,cw:1b962bc7,lowdl101,lowder001lou,Lowdermilk,Lou,Louis Bailey,18870223
1916-CENL:martin,cw:682e73be,,martin046---,Martin,,,
1916-CENL:mathes,cw:d26e6183,mathj102,mathes001jos,Mathes,Joe,Joseph John,18910728
1916-CENL:matthews,cw:a97c41a1,,matthe002fra,Matthews,Frank,Frank Ellison,18900409
1916-CENL:mcarthur,cw:9c476445,mcard101,mcarth001ola,McArthur,Dixie,Oland Alexander,18920201
1916-CENL:mcbride,cw:80ebbbbf,,mcbrid008---,McBride,,,
1916-CENL:mccluskey,cw:70a19cbe,mcclh101,mcclus001har,McCluskey,Harry,Harry Robert,18920329
1916-CENL:mccoll,cw:11d9e7e5,mccoa103,mccoll001ale,McColl,Alex,Alexander Boyd,18940329
1916-CENL:mcneil,cw:1ff20a02,mcnen101,mcneil001nor,McNeil,Norm,Norman Francis,18921022
1916-CENL:melter,cw:1a8c4a8e,melts101,melter001ste,Melter,Steve,Stephen Blasius,18860102
1916-CENL:miller,cw:8a10b4bd,,miller001tho,Miller,Thomas,Thomas,188311
1916-CENL:mitchell,cw:0f7c9d63,mitcj101,mitche007joh,Mitchell,Johnny,John Franklin,18940809
1916-CENL:nee,cw:c1cd4e13,,nee---001joh,Nee,Johnny,John C.,18900118
1916-CENL:nespo,cw:6d4ed756,,nespo-001fra,Nespo,Frank,Frank E.,
1916-CENL:oday,cw:4ec4bbb0,,oday--001fra,O'Day,Frank,Frank,
1916-CENL:paynter,cw:c59d9658,,paynte001---,Paynter,,,
1916-CENL:reilly-sb,cw:2c3a2da1,reilh101,reilly001har,Reilly,Hal,Harold John,18940401
1916-CENL:reilly-whe,cw:af5c7115,reila101,reilly001arc,Reilly,Arch,Archer Edwin,18910817
1916-CENL:reiss,cw:06860271,,reiss-001law,Reiss,Lawrence,Lawrence,
1916-CENL:riley,cw:db3ccd30,,riley-037---,Riley,,,
1916-CENL:rowan,cw:846f027f,rowaj101,rowan-001joh,Rowan,Jack,John Albert,18860616
1916-CENL:scheeren,cw:f82ba8f3,schef104,scheer001fre,Scheeren,Fritz,Frederick,18910701
1916-CENL:scheneberg,cw:ff46f1ed,schej103,schene001joh,Scheneberg,John,John Bluford,18871120
1916-CENL:schettler,cw:4ad9d61b,schel102,schett001lou,Schettler,Lou,Louis Martin,18860612
1916-CENL:schulte,cw:b49a41df,schuj106,schult002joh,Schulte,Johnny,John Clement,18960908
1916-CENL:seibold,cw:0dae01bf,seibs101,seibol001har,Seibold,Socks,Harry,18960531
1916-CENL:shafer,cw:544d5f34,shafr101,shafer002ral,Shafer,Ralph,Ralph Newton,18940317
1916-CENL:shovelin,cw:31a0be0f,shovj101,shovli001joh,Shovlin,John,John Joseph,18910114
1916-CENL:spencer.c-spr,cw:09a52054,spenc101,spence001che,Spencer,Chet,Chester Arthur,18830304
1916-CENL:spencer.r-day,cw:2d8cd4ec,,spence002ray,Spencer,Ray,Ray,
1916-CENL:spencer.v-th+spr,cw:01808bae,spenv101,spence001ver,Spencer,Vern,Vernon Murray,18940204
1916-CENL:stanley,cw:00c16b10,stanj103,stanle003jos,Stanley,Joe,Joseph Bernard,18810402
1916-CENL:storch,cw:3e531345,,storch001har,Storch,Harry,Harry Henry,18860213
1916-CENL:stuart,cw:9bd90c3d,,stuart001cha,Stuart,Charles,Charles P.,
1916-CENL:sykes,cw:3574fd69,,sykes-001h--,Sykes,Earl,H. Earl,
1916-CENL:tannehill,cw:0075fd97,tannl101,tanneh002lee,Tannehill,Lee,Lee Ford,18801026
1916-CENL:tennant,cw:3876bd32,tennt101,tennan001tho,Tennant,Tom,Thomas Francis,18820703
1916-CENL:tepe,cw:44b5d30f,,tepe--001geo,Tepe,George,George,
1916-CENL:texter,cw:767dacd1,textg101,textor001geo,Textor,George,George Bernhardt,18861227
1916-CENL:turner,cw:204f845b,turnt104,turner001the,Turner,Ted,Theodore Holhot,18920504
1916-CENL:tydeman,cw:4a79e27d,,tydema001vin,Tydeman,Vincent,Vincent Ariel,18830824
1916-CENL:varley,cw:0ea19581,,varley001---,Varley,,,
1916-CENL:wachtel,cw:da3b0ae0,wachp101,wachte001pau,Wachtel,Paul,Paul Horine,18880430
1916-CENL:wagner-mus,cw:9d2aba72,wagnb102,wagner004wil,Wagner,Bull,William George,18871225
1916-CENL:wagner-th,cw:910c3672,wagnb101,wagner005wil,Wagner,Bill,William Joseph,18940102
1916-CENL:warner,cw:b2d0f252,warnh102,warner001hok,Warner,Hooks,Hoke Hayden,18940522
1916-CENL:watson,cw:18cc4116,,watson001fre,Watson,Fred,Fred,
1916-CENL:weinberg,cw:cdb75735,,weinbe001ed-,Weinberg,Ed,Ed J.,
1916-CENL:wetzel,cw:ae7b49ea,,wetzel001cec,Wetzel,Cecil,Cecil,
1916-CENL:wheatley,cw:2c3cec21,wheac101,wheatl001cha,Wheatley,Charlie,Charles D.,18930627
1916-CENL:whelan,cw:b1088398,whelj101,whelan001jam,Whelan,Jimmy,James Francis,18900511
1916-CENL:whitehouse,cw:f48e1f4f,whitc102,whiteh001cha,Whitehouse,Charlie,Charles Evis,18940125
1916-CENL:winchell,cw:a0542f03,,winche001fra,Winchell,Frank,Frank,
1916-CENL:withrow,cw:2d6f0022,withf101,withro001fra,Withrow,Frank,Frank Blaine,18910614
1916-CENL:wright,cw:4d0abd01,,wright025---,Wright,,,
1916-CENL:yantz,cw:a8167e72,yantg101,yantz-001geo,Yantz,George,George Webb,18860727
1916-CENL:zeiser,cw:c84b8211,zeism101,zieser001mat,Zieser,Matt,Mathias John,18880925
1916-EL:aldworth,cw:02759a7c,,aldwor001---,Aldworth,Dick,Richard Thomas,18971001
1916-EL:baker,cw:f4e037e9,bakeh101,baker-002how,Baker,Howard,Howard Francis,18880301
1916-EL:ball,cw:32998a44,balln101,ball--001cor,Ball,Neal,Cornelius,18810422
1916-EL:beatty,cw:40d9d0ed,,beatty001---,Beatty,,,
1916-EL:becker,cw:2eedfb95,beckm101,becker001mar,Becker,Marty,Martin Henry,18931222
1916-EL:blake,cw:14822fe8,,blake-002joh,Blake,John,John Francis,
1916-EL:bonsack,cw:9ddb7af1,,bonsac001---,Bonsack,,,
1916-EL:booe,cw:d85818d6,booee101,booe--001eve,Booe,Everett,Everett Little,18910928
1916-EL:bressler,cw:57364bc9,bresr101,bressl001ray,Bressler,Rube,Raymond Bloom,18941023
1916-EL:brickley,cw:b3080bec,bricg101,brickl001geo,Brickley,George,George Vincent,18940719
1916-EL:briggs,cw:f2e298fd,,briggs002jos,Briggs,Joe,Joseph A.,18830118
1916-EL:brown,cw:b0954a65,browb104,brown-023wil,Brown,Bill,William Verna,18930708
1916-EL:burkett,cw:53d6808e,burkj101,burket001jes,Burkett,Jesse,Jesse Cail,18681204
1916-EL:burns,cw:6fec7194,burnj103,burns-002jos,Burns,Joseph,Joseph Francis,18890326
1916-EL:canavan,cw:766b6dfe,canah101,canava001hug,Canavan,Hugh,Hugh Edward,18970513
1916-EL:carlo,cw:1c8c3f0b,,carlo-001ton,Carlo,Tony,Anthony,18920316
1916-EL:carroll.p,cw:b9127106,,carrol003p--,Carroll,P.,P.,
1916-EL:carroll.w,cw:a4b6ce46,,carrol002wil,Carroll,William,William,18920606
1916-EL:chouinard,cw:e14e83cf,,chouin001---,Chouinard,,,
1916-EL:clemens,cw:8d42aeb3,,clemen001pet,Clemens,Peter,Peter,
1916-EL:conley,cw:4ffa250b,,conley001r--,Conley,Robert,Robert William,18920208
1916-EL:cooney,cw:aabdd783,coonj103,cooney001jam,Cooney,Jimmy,James Edward,18940824
1916-EL:corcoran,cw:241edc4b,,corcor006---,Corcoran,,,
1916-EL:courtney,cw:3a44da78,,courtn001lou,Courtney,Louis,Louis J.,18910921
1916-EL:crook,cw:5a17dbf8,,crook-001geo,Crook,George,George H.,
1916-EL:crowther,cw:03156c42,,crowth001f--,Crowther,Freeman,Freeman W.,18861205
1916-EL:curry,cw:2e0e5ca7,currj101,curry-001jam,Curry,Jim,James L.,18860310
1916-EL:daley,cw:3ea82b8b,dalej101,daley-001jud,Daley,Jud,Judson Lawrence,18840314
1916-EL:daniels,cw:8f852dba,,daniel001ros,Daniels,Roscoe,Roscoe,
1916-EL:dee,cw:d0e7230b,dee-s101,dee---001mau,Dee,Shorty,Maurice Leo,18891004
1916-EL:deininger,cw:ea82a3de,deinp101,deinin001ott,Deininger,Pep,Otto Charles,18771010
1916-EL:dell,cw:cc19a7cf,,dell--006---,Dell,,,
1916-EL:denoville,cw:cb867dc6,,denovi001tho,DeNoville,Thomas,Thomas,
1916-EL:devine,cw:beccc430,devim101,devine001wil,Devine,Mickey,William Patrick,18920509
1916-EL:donovan,cw:3948edff,,donova001har,Donovan,Harry,Harry A.,
1916-EL:dowd,cw:faf2da98,dowdj101,dowd--003joh,Dowd,John,John Leo,18910103
1916-EL:dowell,cw:26d88d0a,,dowell001joh,Dowell,Jack,John,
1916-EL:downey,cw:38c2a980,,downey003---,Downey,,,
1916-EL:duggan,cw:a11c4b2f,,duggan002joh,Duggan,John,P. John,
1916-EL:durning,cw:6dec64a2,durnr101,durnin002ric,Durning,Rich,Richard Knott,18921010
1916-EL:edwards,cw:2936566b,,edward008---,Edwards,,,
1916-EL:egan,cw:f1c19ccb,,egan--002m--,Egan,Jack,Jack,
1916-EL:fewster,cw:48271234,,fewste001---,Fewster,,,
1916-EL:fish,cw:d1e0aeac,,fish--012---,Fish,,,
1916-EL:flaherty,cw:9935d454,,flaher001mic,Flaherty,Michael,Michael P.,18900828
1916-EL:flynn,cw:a35f9bd4,flynj102,flynn-001joh,Flynn,John,John Anthony,18830907
1916-EL:fortune,cw:973f2f7f,fortg101,fortun001gar,Fortune,Gary,Garrett Reese,18941011
1916-EL:frietag,cw:801fd920,,freita001ott,Freitag,Otto,Otto,
1916-EL:fuller,cw:f3c00a7b,,fuller001whe,Fuller,Moose,Wheeler Bishop,18930119
1916-EL:gardella,cw:5674593f,,gardel001aug,Gardella,Gus,Augustus,1887
1916-EL:gaston,cw:161cbd60,gasta101,gaston001ale,Gaston,Alex,Alexander Nathaniel,18930312
1916-EL:gaudette,cw:5adf8304,,gaudet001---,Gaudette,,,
1916-EL:gero,cw:042b01cf,,gero--002hen,Gero,Hank,Henry P.,
1916-EL:gilmore,cw:58ef23c3,,gilmor002ben,Gilmore,Benjamin,Benjamin H.,
1916-EL:gleason,cw:709e8ef8,gleab101,gleaso005wil,Gleason,Billy,William Patrick,18940906
1916-EL:gorham,cw:04610244,,gorham001jos,Gorham,Joseph,Joseph,
1916-EL:green,cw:4d14b176,,green-001pad,Green,Paddy,Eugene,18930904
1916-EL:greenhalge,cw:005c1d5b,,greenh001jam,Greenhalgh,James,James Thomas,18920817
1916-EL:greenough,cw:958a2385,,greeno001tom,Greenough,Tom,Tom,
1916-EL:grieve,cw:c8094432,,grieve004---,Grieve,,,
1916-EL:hammond,cw:61882119,hammj101,hammon001wal,Hammond,Jack,Walter Charles,18910226
1916-EL:harris,cw:45371fc0,,harris049---,Harris,,,
1916-EL:hearne,cw:8258e7bc,hearb102,hearn-001cha,Hearn,Bunny,Charles Bunn,18910521
1916-EL:helfrich,cw:0498f4e3,helft101,helfri001emo,Helfrich,Ty,Emory Wilbur,18901009
1916-EL:herring,cw:3741762a,herrb101,herrin003wil,Herring,Bill,William Francis,18931031
1916-EL:hickey,cw:a57eb850,,hickey001joh,Hickey,John,John,
1916-EL:hoffman,cw:bd63847b,,hoffma037---,Hoffman,,,
1916-EL:hogan,cw:1abe92a5,,hogan-005---,Hogan,,,
1916-EL:horkheimer,cw:a257af1d,,horkhe001har,Horkheimer,Harold,Harold,
1916-EL:house,cw:b99e5092,,house-002how,House,Howard,Howard H.,
1916-EL:howard,cw:9b2141cd,howad102,howard001geo,Howard,Del,George Elmer,18771224
1916-EL:hoyt,cw:5fca5ae6,hoytw101,hoyt--001wai,Hoyt,Waite,Waite Charles,18990909
1916-EL:jewett,cw:83d65e9d,,jewett001may,Jewett,Maynard,Maynard C.,
1916-EL:johnson,cw:4fe64633,,johnso001art,Johnson,Art,Art,
1916-EL:justin,cw:ee3853ec,,justin001har,Justin,Harold,Harold,
1916-EL:kane,cw:8d79940b,,kane--023---,Kane,,,
1916-EL:keegan,cw:dfc7c008,,keegan001tho,Keegan,Thomas,Thomas M.,18910406
1916-EL:kernan,cw:a4c618ac,,kernan003---,Kernan,,,
1916-EL:kilhullen,cw:32b76d89,kilhp101,kilhul001jos,Kilhullen,Pat,Joseph Isadore,18900810
1916-EL:laroy,cw:b0cb6bb0,lerol101,leroy-001lou,LeRoy,Louis,Louis Paul,18790218
1916-EL:lavigne,cw:a0a80116,lavia101,lavign001art,LaVigne,Art,Arthur David,18850126
1916-EL:lohman,cw:7a3dd368,,lohman001cla,Lohman,Zeke,Claude O.,1892
1916-EL:lonergan,cw:f8c1637e,lonew101,lonerg001wal,Lonergan,Walter,Walter Lawrence,18850922
1916-EL:longstreet,cw:24cf7bbe,,longst001---,Longstreet,,,
1916-EL:lord,cw:7ef30196,lordh101,lord--001har,Lord,Harry,Harry Donald,18820308
1916-EL:low,cw:00e94658,low-f101,low---001fle,Low,Fletcher,Fletcher,18930407
1916-EL:luyster,cw:5809fdee,,luyste001wil,Luyster,Billy,William,18830710
1916-EL:lyons,cw:8e4aac37,,lyons-001fra,Lyons,Frank,Frank,
1916-EL:magee,cw:a7595ecb,,magee-007---,Magee,,,
1916-EL:mahoney,cw:ed665907,,mahone001law,Mahoney,Larry,Lorenzo W.,18910602
1916-EL:maloney,cw:9342ef24,malop102,malone003pat,Maloney,Pat,Patrick William,18880119
1916-EL:manning,cw:3f7da8b6,,mannin008---,Manning,,,
1916-EL:marhefka,cw:b3854400,,marhef001ant,Marhefka,Tony,Anthony T.,18860720
1916-EL:martin.g,cw:494753d7,,martin001g--,Martin,George,George,
1916-EL:martin.p,cw:b3c6fbb4,martp102,martin001pat,Martin,Pat,Patrick Francis,18940413
1916-EL:martin.w,cw:352d4470,,martin001w--,Martin,W.,W.,
1916-EL:masterman,cw:4decfc27,,master001ral,Masterman,Ralph,Ralph,
1916-EL:mayberry,cw:5a56086d,,mayber001fle,Mayberry,Fleet,Earl Fleet,18900110
1916-EL:mccabe,cw:6b8b11fa,mccad102,mccabe002ric,McCabe,Dick,Richard James,18960221
1916-EL:mcdonald,cw:9395ae40,,mcdona049---,McDonald,,,
1916-EL:mcginley,cw:d190bca6,mcgij103,mcginl001jam,McGinley,Jim,James William,18781002
1916-EL:mcquillan,cw:e1c48f48,mcquh101,mcquil001alv,McQuillan,Hugh,Alvin Hugh,18950915
1916-EL:miller,cw:a79fc6f7,,miller003ron,Miller,Ronert,Ronert,
1916-EL:moshier,cw:d3ad5f69,,moshie001geo,Moshier,George,George,
1916-EL:mulrennan,cw:92645bb8,mulrd101,mulren001dom,Mulrenan,Dominic,Dominic Joseph,18931218
1916-EL:munn,cw:e3fa9ca5,,munn--001nor,Munn,Norman,Norman W.,
1916-EL:murphy-har+low+law,cw:04255666,,murphy014dan,Murphy,Daniel,Daniel,
1916-EL:murphy-nh,cw:ef6684c3,murpd106,murphy006dan,Murphy,Danny,Daniel Francis,18760811
1916-EL:murray,cw:ac4968ea,murrb101,murray005rob,Murray,Bobby,Robert Hayes,18980704
1916-EL:nutter,cw:d31ae72f,nuttd101,nutter001eve,Nutter,Dizzy,Everett Clarence,18930827
1916-EL:nye,cw:fa54b915,,nye---001mar,Nye,Martin,Martin E.,1884
1916-EL:oconnell-law,cw:8c33e178,,oconne003dan,O'Connell,Daniel,Daniel T.,18880827
1916-EL:oconnell-nl+low,cw:f40390bd,,oconne001ral,O'Connell,Ralph,Ralph,
1916-EL:oconnor,cw:d02e2b43,oconp102,oconno004pat,O'Connor,Paddy,Patrick Francis,18790804
1916-EL:odell,cw:71c24d09,,odell-002alf,O'Dell,Alfred,Alfred,
1916-EL:ojerholm,cw:228320f6,,ojerho001eri,Ojerholm,Erich,Erich,
1916-EL:orcutt,cw:ffd595e0,,orcutt001whe,Orcutt,Wheat,James Wheaton,18910319
1916-EL:ostergren,cw:c21166cc,,osterg001fre,Ostergren,Fred,Fred V.,
1916-EL:parker,cw:340e7278,parkp101,parker003cla,Parker,Pat,Clarence Perkins,18930522
1916-EL:pearson,cw:f9a9053c,peara101,pearso001ale,Pearson,Alex,Alexander Franklin,18770307
1916-EL:pennington,cw:39fb6371,pennk101,pennin003geo,Pennington,Kewpie,George Louis,18960924
1916-EL:plitt,cw:7f7cafda,plitn101,plitt-001nor,Plitt,Norman,Norman William,18930221
1916-EL:porter,cw:e87dea29,porti101,porter001irv,Porter,Irv,Irving Marble,18880517
1916-EL:potteiger,cw:c00ca769,,pottei001ear,Potteiger,Earl,William Earl,18930211
1916-EL:powers,cw:405fdd83,,powers003wil,Powers,William,William,
1916-EL:press,cw:9579e05c,,press-001cha,Press,Charles,Charles,
1916-EL:prysock,cw:feb9dff7,,prysoc001rob,Prysock,Robert,Robert,
1916-EL:reed,cw:0a072ac9,,reed--002cha,Reed,Charles,Charles G.,
1916-EL:reiger.f,cw:f2e5ec03,,rieger001fre,Rieger,Fred,Frederick,18850813
1916-EL:reiger.j,cw:4b1e3598,,rieger001joh,Rieger,John,John August,18891212
1916-EL:riconda,cw:2a758f35,ricoh101,ricond001hen,Riconda,Harry,Henry Paul,18970517
1916-EL:robinson,cw:dfe9a3c9,,robins047---,Robinson,,,
1916-EL:rodriguez,cw:62258405,rodrj101,rodrig001jos,Rodriguez,Jose,Jose,18940223
1916-EL:russell,cw:da833b5a,russh101,russel003har,Russell,Harvey,Harvey Holmes,18870110
1916-EL:salmon,cw:1ce95b7b,salmr101,salmon001rog,Salmon,Roger,Roger Elliott,18910511
1916-EL:shannon,cw:e9d633a1,shanr101,shanno001mau,Shannon,Red,Maurice Joseph,18970211
1916-EL:sharpe,cw:7685b726,,sharpe006---,Sharpe,,,
1916-EL:sherman,cw:93ca30c4,sherd102,sherma001les,Sherman,Dan,Lester Daniel,18901126
1916-EL:skiff,cw:51d053c4,skifb101,skiff-002wil,Skiff,Bill,William Franklin,18951016
1916-EL:smith-har+por,cw:627f6cb1,,smith-001e--,Smith,E.,E.,
1916-EL:smith-low+har+war,cw:9987567b,,smith-001irv,Smith,Irving,William Irving,
1916-EL:smith-nh+bri,cw:c399bad6,,smith-010g--,Smith,G.,G.,
1916-EL:smith-spr,cw:4374788d,smitk103,smith-001arm,Smith,Klondike,Armstrong Frederick,18870104
1916-EL:soper,cw:b50e14d2,,soper-001cla,Soper,Claude,Claude Spencer,18960625
1916-EL:spires,cw:4e77c052,,spires001geo,Spires,George,George H.,18901201
1916-EL:stephens,cw:2c0f4d8e,stepj104,stephe001jam,Stephens,Jim,James Walter,18831210
1916-EL:stimpson,cw:eb29d643,,stimps001ear,Stimpson,Earl,Earl P.,18931231
1916-EL:strands,cw:aa84d941,stral101,strand001joh,Strands,Larry,John Lawrence,18851205
1916-EL:sweatt,cw:446deeff,,sweatt001che,Sweatt,Chester,Chester E.,
1916-EL:tamm,cw:3f761c3f,,tamm--001wil,Tamm,William,William,
1916-EL:thompson,cw:202425b3,,thomps024---,Thompson,,,
1916-EL:tierney,cw:5da400b5,,tierne001dan,Tierney,Dan,Daniel Moore,18880603
1916-EL:torphy,cw:57d2c9df,torpr101,torphy002wal,Torphy,Red,Walter Anthony,18911106
1916-EL:trautman,cw:83b725e0,trauf101,trautm001fre,Trautman,Fred,Frederick Orlando,18920324
1916-EL:tuckey,cw:be67f1ef,,tuckey001ric,Tuckey,Richard,Richard,
1916-EL:tuero,cw:e107211c,tuero101,tuero-001osc,Tuero,Oscar,Oscar Monzon,18931217
1916-EL:tyler,cw:cc24e741,tylef101,tyler-001fre,Tyler,Fred,Frederick Franklin,18911216
1916-EL:vandyke,cw:11bbb163,vandb102,vandyk001ben,Van Dyke,Ben,Benjamin Harrison,18880815
1916-EL:volk,cw:79a1e670,,volk--002---,Volk,,,
1916-EL:wagner,cw:b4d8c969,wagnh103,wagner001cha,Wagner,Heinie,Charles F.,18800923
1916-EL:walsh,cw:180e0a51,,walsh-001mar,Walsh,Marty,Martin,1885
1916-EL:warner,cw:7610595f,,warner001jak,Warner,Jake,Jake,
1916-EL:weaver,cw:833c8095,,weaver002h--,Weaver,Harry,Harry A.,
1916-EL:weiser,cw:996704d2,weisb101,weiser001har,Weiser,Bud,Harry Budson,18910108
1916-EL:werre,cw:d7e2e472,,werre-001ray,Werre,Raymond,Raymond,
1916-EL:whalen-low,cw:2450d81d,,whalen001j--,Whalen,J.,J.,
1916-EL:whalen-nh,cw:659e819b,,whalen001fen,Whalen,Fenton,Fenton,
1916-EL:whitehouse,cw:58a650f8,whitg103,whiteh001gil,Whitehouse,Gil,Gilbert Arthur,18931015
1916-EL:williams,cw:68b9becd,,willia111---,Williams,Carl,Carl,
1916-EL:wilson,cw:ce01e645,,wilson119---,Wilson,,,
1916-EL:woodward,cw:b2dfd8d2,woodf102,woodwa001fra,Woodward,Frank,Frank Russell,18940517
1916-EL:zeiser,cw:c84b8211,zeism101,zieser001mat,Zieser,Matt,Mathias John,18880925
1916-EL:zimmerman,cw:ab3e742e,,zimmer004wil,Zimmerman,William,William,
1916-IIIL:adams,cw:c2aec64a,adamd103,adams-003dan,Adams,Dan,Daniel Leslie,18870619
1916-IIIL:agnew,cw:73254d76,,agnew-013---,Agnew,,,
1916-IIIL:anderson,cw:95456e91,,anders001oli,Anderson,Oliver,Oliver V.,
1916-IIIL:baxter,cw:70e9eb7f,,baxter001roy,Baxter,Roy,Roy,
1916-IIIL:bay,cw:ff1e02e3,bay-h101,bay---001har,Bay,Harry,Harry Elbert,18780117
1916-IIIL:beard,cw:9ed8fa5b,,beard-003---,Beard,,,
1916-IIIL:beatty,cw:33c6dcdb,,beatty001jac,Beatty,Jack,John William,18860119
1916-IIIL:beck,cw:5158ff90,beckf101,beck--002fre,Beck,Fred,Frederick Thomas,18861117
1916-IIIL:bemis,cw:25739e93,,bemis-001---,Bemis,,,
1916-IIIL:biltz,cw:ec356555,,biltz-001and,Biltz,Andrew,Andrew John,18841023
1916-IIIL:black,cw:79ffcaca,blacd102,black-002dav,Black,Dave,David,18931108
1916-IIIL:bluejacket,cw:073c9f7f,bluej101,blueja001jam,Bluejacket,Jim,James,18870708
1916-IIIL:bossoloni,cw:d1868697,,bossol001wil,Bossoloni,William,William,18911024
1916-IIIL:boyle,cw:5306fbf8,,boyle-001geo,Boyle,George,George W.,
1916-IIIL:breen,cw:9e2994e3,,breen-001syl,Breen,Sylvester,Sylvester E.,18860914
1916-IIIL:brenegan,cw:147a5ace,brens101,breneg001ola,Brenegan,Sam,Olaf Selmar,18900901
1916-IIIL:bromwich,cw:eed3167e,,bromwi001alb,Bromwich,Albert,Albert A.,18880407
1916-IIIL:bryant,cw:1de6f136,,bryant003geo,Bryant,George,George,
1916-IIIL:burnham,cw:ca7db6ec,,burnha001fre,Burnham,Fred,Fred,
1916-IIIL:carlson,cw:b9c3739f,carlh101,carlso001har,Carlson,Hal,Harold Gust,18920517
1916-IIIL:carroll,cw:551e706a,,carrol019---,Carroll,,,
1916-IIIL:castle,cw:4028b473,castj101,castle001joh,Castle,John,John Francis,18790601
1916-IIIL:cerny,cw:d20318df,,cerny-001---,Cerny,,,
1916-IIIL:clark,cw:44ec9a8d,,clark-038---,Clark,Roy,Roy,
1916-IIIL:clayton,cw:2bc03b7f,,clayto001wil,Clayton,William,William F.,18870717
1916-IIIL:conger,cw:253c717c,,conger001joh,Conger,Jack,John Omar,18880801
1916-IIIL:cox,cw:5fba0501,,cox---001ger,Cox,Gerald,Gerald F.,
1916-IIIL:crabb,cw:e5248cec,crabr101,crabb-002jam,Crabb,Roy,James Roy,18900823
1916-IIIL:craig,cw:8294e800,,craig-001ral,Craig,Ralph,Ralph,
1916-IIIL:crissman,cw:482aa965,,crissm001---,Crissman,,,
1916-IIIL:cummings-qui,cw:3c310298,,cummin002alb,Cummings,Al,Albert,
1916-IIIL:cummings-roc,cw:1f904951,,cummin003pat,Cummings,Patrick,Patrick,
1916-IIIL:dang,cw:6126202f,,dang--001fra,Dang,Frank,Frank M.,18840512
1916-IIIL:danner,cw:c5a436dc,,danner002joh,Danner,John,John,
1916-IIIL:darringer-han+qui,cw:41999fd2,,daring001---,Daringer,,,
1916-IIIL:darringer.h,cw:e9751505,,daring001how,Daringer,Howard,Howard Charles,18830629
1916-IIIL:darringer.r,cw:00109852,darir101,daring001rol,Daringer,Rolla,Rolla Harrison,18881115
1916-IIIL:davis,cw:2875e622,,davis-001yan,Davis,Yancy,Yancy,18910805
1916-IIIL:dobbins,cw:79b80f21,,dobbin001geo,Dobbins,George,George,
1916-IIIL:donica,cw:7ba66e12,,donica001har,Donica,Harry,Harry H.,18920730
1916-IIIL:duggan,cw:d2332ee4,duggj101,duggan001jam,Duggan,Jim,James Elmer,18850601
1916-IIIL:eller,cw:32e0ca8c,elleh101,eller-001hor,Eller,Hod,Horace Owen,18940705
1916-IIIL:erlewein,cw:a28cdff0,,erlewe001fre,Erlewein,Fred,Fred W.,1880
1916-IIIL:falk,cw:75b149b2,,falk--001ray,Falk,Ray,Ray,18951116
1916-IIIL:foley,cw:8fd5a5cc,,foley-003wil,Foley,William,William,
1916-IIIL:garner,cw:533d48ae,,garner003---,Garner,,,
1916-IIIL:glass,cw:0fd9cdf6,,glass-002fre,Glass,Fred,Fred M.,
1916-IIIL:golvin,cw:2a1ba3e2,golvw101,golvin001wal,Golvin,Walt,Walter George,18940201
1916-IIIL:gould,cw:5fa86c87,goula101,gould-001alb,Gould,Al,Albert Frank,18930120
1916-IIIL:graham-mol,cw:9481f47a,graho101,graham001osc,Graham,Oscar,Oscar Marion,18780720
1916-IIIL:graham.b,cw:9d9b16a7,grahb103,graham002ber,Graham,Bert,Bert,18860403
1916-IIIL:graham.g,cw:c6ba8fe4,grahp101,graham002geo,Graham,Peaches,George Frederick,18770323
1916-IIIL:grodick,cw:42dccf32,,grodic001---,Grodick,,,
1916-IIIL:groehling,cw:9096a592,,groeli001fra,Groeling,Frank,Frank,18930606
1916-IIIL:gunkel,cw:56c4a4b7,gunkr101,gunkel001woo,Gunkel,Red,Woodward William,18940415
1916-IIIL:halas,cw:33b73f77,,halas-001wal,Halas,Walt,Walter Henry,18920115
1916-IIIL:handford,cw:15e7f93a,hanfc101,hanfor001cha,Hanford,Charlie,Charles Joseph,18820603
1916-IIIL:heizer,cw:38882eb4,,heizer001joh,Heizer,John,John H.,
1916-IIIL:higbee,cw:879a1b83,,higbee001mar,Higbee,Mark,Mark L.,
1916-IIIL:hoffman,cw:717d3277,,hoffma001guy,Hoffman,Guy,Guy,
1916-IIIL:hollocher,cw:78c0c3d1,hollc101,holloc001cha,Hollocher,Charlie,Charles Jacob,18960611
1916-IIIL:holloway,cw:033caa4b,,hollow001ed-,Holloway,Ed,Edward,
1916-IIIL:hughes,cw:b4bfa13e,,hughes003geo,Hughes,George,George E.,
1916-IIIL:ihrig,cw:59973ddc,,ihrig-001ear,Ihrig,Earl,Earl,
1916-IIIL:jacks,cw:c9170b63,,jacks-001---,Jacks,,,
1916-IIIL:jackson.c,cw:fa9faa6c,,jackso008cha,Jackson,Charles,Charles,
1916-IIIL:jackson.w,cw:098429bc,jackb101,jackso008wil,Jackson,Bill,William Riley,18810404
1916-IIIL:kaylor,cw:7115c4c5,,kaylor001the,Kaylor,Ted,Theodore R.,18871123
1916-IIIL:kerns,cw:d362dbf7,,kern--001hen,Kern,Butch,Henry B.,18830910
1916-IIIL:kirsch,cw:8bdfeac9,,kirsch001f--,Kirsch,Fred,Fred,
1916-IIIL:klontz,cw:c9707884,,klontz002---,Klontz,,,
1916-IIIL:koepping,cw:5f14c7a5,,koeppi001ott,Koepping,Otto,Otto,
1916-IIIL:kolis,cw:62b40e11,kolll901,kolls-001lou,Kolls,Lou,Louis Charles,18921215
1916-IIIL:kreuger,cw:e1113a81,,kruege001wal,Krueger,Walter,Walter A.,18930201
1916-IIIL:kuhn,cw:3eef6de2,,kuhn--001roy,Kuhn,Roy,Roy,
1916-IIIL:kyle,cw:c28f6f35,kylea101,kyle--001and,Kyle,Andy,Andrew Ewing,18891029
1916-IIIL:leclaire,cw:b092d724,,leclai001geo,LeClaire,George,George L.,
1916-IIIL:lingle,cw:5dd42a16,,lingle001edw,Lingle,Cy,Edwin Burke,18950626
1916-IIIL:lister,cw:1f2db7ce,listp101,lister001mor,Lister,Pete,Morris Elmer,18810721
1916-IIIL:lynch,cw:bfb6ea08,,lynch-029---,Lynch,,,
1916-IIIL:main,cw:8b87cc70,,main--001mor,Main,Mort,Mort,
1916-IIIL:marion,cw:602ba8a8,marid101,marion001don,Marion,Dan,Donald George,18890731
1916-IIIL:marks,cw:51df7486,,marks-001fre,Marks,Fred,Frederick,
1916-IIIL:martin,cw:2c93939b,,martin001beb,Martin,Beb,Benny,
1916-IIIL:mcbride,cw:ab1418fe,,mcbrid001cly,McBride,Clyde,Clyde,
1916-IIIL:mcmanus,cw:54bc5270,,mcmanu001ran,McManus,Ranson,Ranson Perry,18881205
1916-IIIL:miller,cw:38f46eaf,,miller054---,Miller,,,
1916-IIIL:mills,cw:a7d61e71,,mills-027---,Mills,,,
1916-IIIL:morrison,cw:211aa185,,morris002eug,Morrison,Eugene,Eugene,
1916-IIIL:munch,cw:d9d5f808,,munch-001jul,Munch,Julius,Julius,
1916-IIIL:neal,cw:28c54b89,,neal--002wil,Neal,Billy,William L.,18810822
1916-IIIL:needles,cw:affb5df2,,needle001geo,Needle,George,George John,18920222
1916-IIIL:nelson,cw:4ca90935,,nelson001hil,Nelson,Hilding,Hilding,
1916-IIIL:nicholson,cw:277a7c9a,nicho101,nichol002ovi,Nicholson,Ovid,Ovid Edward,18881230
1916-IIIL:nye,cw:f7169df5,,nye---001ott,Nye,Otto,Otto A.,
1916-IIIL:oberta,cw:b46ed89a,,oberta001cha,O'Berta,Charles,Charles,18851029
1916-IIIL:obrien,cw:2bff377e,obrir101,obrien001ray,O'Brien,Ray,Raymond Joseph,18941031
1916-IIIL:ofarrell,cw:e701600d,ofarb101,ofarre001rob,O'Farrell,Bob,Robert Arthur,18961019
1916-IIIL:oleary,cw:438f3177,,oleary001dan,O'Leary,Dan,Daniel Leroy,18800226
1916-IIIL:pechous,cw:ca2b5371,pechc101,pechou001cha,Pechous,Charlie,Charles Edward,18961005
1916-IIIL:pettigrew,cw:af1f8b80,pettn101,pettig001jim,Pettigrew,Ned,Jim Ned,18810825
1916-IIIL:pike,cw:97bb63be,,pike--001wil,Pike,William,William T.,
1916-IIIL:poole,cw:bdf75ae4,,poole-002h--,Poole,Hi,H. E.,
1916-IIIL:rafferty,cw:e8ff3020,,raffer001syl,Rafferty,Sylvester,Sylvester,
1916-IIIL:rapp,cw:cfece773,rappg101,rapp--002jos,Rapp,Goldie,Joseph Aloysius,18940206
1916-IIIL:reiger,cw:c82c00e9,,rieger003---,Rieger,,,
1916-IIIL:richmond,cw:85b5a343,richr102,richmo001ray,Richmond,Ray,Raymond Sinclair,18960605
1916-IIIL:romine,cw:868760e5,,romine001fra,Romine,Frank,R. Frank,18850121
1916-IIIL:scanlon,cw:1df9b03c,scanf101,scanla002fra,Scanlan,Frank,Frank Aloysius,18900428
1916-IIIL:schlansker,cw:b9c9979e,,schlan001cha,Schlansker,Charles,Charles,
1916-IIIL:schmandt,cw:3475f862,schmr101,schman001ray,Schmandt,Ray,Raymond Henry,18960125
1916-IIIL:schoup,cw:585d8aac,,shoup-001wil,Shoup,William,William G.,
1916-IIIL:seifert,cw:72122173,,seiffe001leo,Seiffert,Leo,Leo,
1916-IIIL:selby,cw:55c81229,,selby-001orv,Selby,Orville,Orville M.,18820629
1916-IIIL:shears,cw:c951e015,sheag102,shears001geo,Shears,George,George Penfield,18900413
1916-IIIL:sherer,cw:2a16f039,,sherer001roy,Sherer,Roy,Roy,
1916-IIIL:shook,cw:8ebdfef6,shoor102,shook-002ray,Shook,Ray,Raymond Curtis,18891118
1916-IIIL:simon,cw:c89335d5,simom102,simon-003mic,Simon,Mike,Michael Edward,18830413
1916-IIIL:smith,cw:ce27ca8b,,smith-001max,Smith,Max,Max,
1916-IIIL:staley,cw:8acc172b,,staley001cha,Staley,Charles,Charles H.,
1916-IIIL:stocker,cw:89540f29,,stocke001---,Stocker,,,
1916-IIIL:stutz,cw:75329fa8,stutg101,stutz-001geo,Stutz,George,George Washington,18890213
1916-IIIL:sullivan,cw:34b4415e,,sulliv001hen,Sullivan,Henry,Henry,
1916-IIIL:sundheim,cw:db593b8f,,sundhe001joh,Sundheim,John,John,188211
1916-IIIL:tacke,cw:ab77f3a3,,tacke-001dav,Tacke,David,David,
1916-IIIL:thomas,cw:90f54585,,thomas005dav,Thomas,Dave,Dave,
1916-IIIL:trainer,cw:d1763e2f,,traine001gle,Trainer,Glen,Glen,
1916-IIIL:turner,cw:6a2e5fa4,,turner001flo,Turner,Floyd,Floyd E.,
1916-IIIL:tyree,cw:8affdfd3,tyree101,tyree-001ear,Tyree,Earl,Earl Carlton,18900304
1916-IIIL:vance,cw:3276f9dd,,vance-001ome,Vance,Omer,Omer,
1916-IIIL:varney,cw:0fb7949e,,varney001---,Varney,,,
1916-IIIL:vogel,cw:c3903f78,,vogel-001ott,Vogel,Otto,Otto,
1916-IIIL:wakefield,cw:488e89cd,wakeh101,wakefi001how,Wakefield,Howard,Howard John,18840402
1916-IIIL:ward,cw:5f636774,,ward--019---,Ward,,,
1916-IIIL:ware-dav+peo,cw:512b0f99,,ware--003---,Ware,,,
1916-IIIL:ware-ri,cw:0dd80750,,ware--001har,Ware,Andy,Hardy,18870615
1916-IIIL:waring,cw:7b185881,,waring001har,Waring,Ted,Henry Claude,18850929
1916-IIIL:watson.c,cw:aa6401ca,watsd101,watson002cha,Watson,Doc,Charles John,18850130
1916-IIIL:watson.r,cw:6449f47f,,watson002c--,Watson,C. W.,C. W.,
1916-IIIL:white,cw:7a7d7895,,white-005fra,White,Frank,Frank V.,
1916-IIIL:whittaker,cw:63c582d0,,whitta001wil,Whittaker,Bill,Robert William,18900912
1916-IIIL:williams,cw:4be8d85e,willr103,willia001rin,Williams,Rinaldo,Rinaldo Louis,18931218
1916-IIIL:willis,cw:5f08dcc2,,willis001---,Willis,,,
1916-IIIL:wolfe,cw:eb7323ad,wolfp101,wolfe-001roy,Wolfe,Polly,Roy Chamberlain,18880901
1916-IIIL:young,cw:063281b8,younc103,young-001cha,Young,Charlie,Charles,18930112
1916-IL:almeida,cw:be7d2a2d,almer101,almeid001raf,Almeida,Rafael,Rafael D.,18870630
1916-IL:anderson,cw:1e616f89,,anders015cha,Anderson,Charles,Charles,
1916-IL:arragon,cw:96233aba,araga101,aragon002ang,Aragon,Angel,Angel,18900802
1916-IL:aschenbacher,cw:5e694091,,aschen002---,Aschenbacher,,,
1916-IL:babbington,cw:d52b1b90,,babbin001cha,Babbington,Charles,Charles P.,
1916-IL:bader,cw:7a911f03,badek101,bader-001lor,Bader,King,Lore Verne,18880427
1916-IL:bankston,cw:af628b4c,bankb101,bankst001wil,Bankston,Bill,Wilborn Everett,18930525
1916-IL:barber,cw:075c3739,barbt101,barber001tyr,Barber,Turner,Tyrus Turner,18930709
1916-IL:bates,cw:72cc1a4c,batej101,bates-002joh,Bates,Johnny,John William,18820821
1916-IL:baumgartner,cw:fa52a839,baums101,baumga001sta,Baumgartner,Stan,Stanwood Fulton,18941214
1916-IL:beatty,cw:955ea613,beatd101,beatty001alo,Beatty,Desmond,Desmond Aloysius,18930407
1916-IL:bentley,cw:2b01a44a,bentj101,bentle001joh,Bentley,Jack,John Needles,18950308
1916-IL:billiard,cw:30eb6130,billh101,billia001har,Billiard,Harry,Harry Pree,18831111
1916-IL:birmingham,cw:2685c47c,birmj101,birmin001jos,Birmingham,Joe,Joseph Leo,18841203
1916-IL:blackburn-pro,cw:b83a97c2,blace101,blackb001ear,Blackburn,Earl,Earl Stuart,18921101
1916-IL:blackburne-tor,cw:6540faba,blacl101,blackb002rus,Blackburne,Lena,Russell Aubrey,18861023
1916-IL:boone,cw:19e6db57,boonl101,boone-001lut,Boone,Luke,Lute Joseph,18900506
1916-IL:brady,cw:004a21d5,bradn101,brady-001cor,Brady,Neal,Cornelius Joseph,18970304
1916-IL:brainard,cw:b534949c,braif101,braine001fre,Brainard,Fred,Frederick F.,18920217
1916-IL:bressler,cw:57364bc9,bresr101,bressl001ray,Bressler,Rube,Raymond Bloom,18941023
1916-IL:brown,cw:d8bb2c52,,brown-165---,Brown,,,
1916-IL:burch,cw:944cbc0d,burca101,burch-001alb,Burch,Al,Albert William,18831007
1916-IL:burrell,cw:ee262737,,burril001ral,Burrill,Ralph,Ralph,
1916-IL:cable,cw:a737a469,,cable-001har,Cable,Harold,Harold F.,
1916-IL:cadore,cw:615fe1ef,cadol101,cadore001leo,Cadore,Leon,Leon Joseph,18911120
1916-IL:callahan,cw:0dbc23f8,calll101,callah001leo,Callahan,Leo,Leo David,18900809
1916-IL:carlstrom,cw:c9f010b9,carls101,carlst001alb,Carlstrom,Swede,Albin Oscar,18861026
1916-IL:casey,cw:ca826101,casej101,casey-002jos,Casey,Joe,Joseph Felix,18870815
1916-IL:cather,cw:cc9bd4c3,catht101,cather001the,Cather,Ted,Theodore Physick,18890520
1916-IL:channell,cw:5ead1560,chanl101,channe001les,Channell,Les,Lester Clark,18860303
1916-IL:clemens,cw:f532035a,clemb102,clemen002rob,Clemens,Bob,Robert Baxter,18860809
1916-IL:colwell,cw:c84ab449,,colwel001ira,Colwell,Ira,Ira Jones,18900317
1916-IL:cook,cw:139a8ffe,cookr102,cook--002rol,Cook,Rollin,Rollin Edward,18901005
1916-IL:cooper,cw:c1c9048e,coopg102,cooper001guy,Cooper,Guy,Guy Evans,18930128
1916-IL:crabble,cw:f36603cb,crabg101,crable001geo,Crable,George,George Elmer,18850109
1916-IL:crane,cw:232b9f0d,crans102,crane-001sam,Crane,Sam,Samuel Byrem,18940913
1916-IL:crowell,cw:77e2668c,crowc101,crowel001min,Crowell,Cap,Minot Joy,18920905
1916-IL:damrau,cw:a03fc290,damrh101,damrau001har,Damrau,Harry,Harry Robert,18900911
1916-IL:davis,cw:3a8b2d9f,davii103,davis-002geo,Davis,Iron,George Allen,18900309
1916-IL:devlin,cw:4b0cfefb,devla101,devlin001art,Devlin,Art,Arthur McArthur,18791016
1916-IL:dooin,cw:14c54c0f,dooir101,dooin-001cha,Dooin,Red,Charles Sebastian,18790612
1916-IL:dunn,cw:e1addacb,dunnj102,dunn--005joh,Dunn,Jack,John Joseph,18721006
1916-IL:durgin,cw:c766490a,,durgin001art,Durgin,Arthur,Arthur D.,
1916-IL:eayrs,cw:49c3f1bf,eayre101,eayrs-001edw,Eayrs,Eddie,Edwin,18901110
1916-IL:egan,cw:da5d806a,eganb101,egan--001art,Egan,Ben,Arthur Augustus,18831120
1916-IL:eibel,cw:c1e46a1f,eibeh101,eibel-001hen,Eibel,Hack,Henry Hack,18931206
1916-IL:engel,cw:0b2c56a9,engej101,engel-001jos,Engel,Joe,Joseph William,18930312
1916-IL:enright,cw:d353e2ca,enrij101,enrigh001jac,Enright,Jack,Jackson Percy,18951129
1916-IL:enzman,cw:c5aa62fd,enzmj101,enzman001joh,Enzmann,Johnny,John,18900304
1916-IL:fabrique,cw:cdac90fe,fabrb101,fabriq001alb,Fabrique,Bunny,Albert LaVerne,18871223
1916-IL:farrell,cw:5216e790,,farrel001tay,Farrell,Taylor,Taylor W.,18920923
1916-IL:fewster,cw:24993c14,fewsc101,fewste001wil,Fewster,Chick,Wilson Lloyd,18951110
1916-IL:fullenwider,cw:cc5a196e,,fullen001phi,Fullenwider,Phifer,Phifer,18871213
1916-IL:fullerton,cw:7b2fe4b3,,fuller004cha,Fullerton,Charles,Charles,
1916-IL:gaw,cw:e7dda121,gaw-c101,gaw---001geo,Gaw,Chippy,George Joseph,18920313
1916-IL:gill,cw:5fb699ac,,gill--001rob,Gill,Bobby,James Robert,18910513
1916-IL:gittings,cw:d6c1443e,,gittin001---,Gittings,Sammy,Sammy,
1916-IL:gleason,cw:794c9595,gleaj101,gleaso003jos,Gleason,Joe,Joseph Paul,18950709
1916-IL:goodbred,cw:cb4fe779,,goodbr001ric,Goodbred,Richard,Richard Hunter,18890701
1916-IL:graham,cw:a1d521fa,graht101,graham001daw,Graham,Tiny,Dawson Francis,18920909
1916-IL:gregg,cw:c23ec33f,gregv101,gregg-001syl,Gregg,Vean,Sylveanus Augustus,18850413
1916-IL:hale,cw:10c11618,haleg101,hale--001geo,Hale,George,George Wagner,18940803
1916-IL:haley,cw:8d32e75f,haler101,haley-002ric,Haley,Raymond,Raymond Timothy,18910123
1916-IL:hartzell,cw:b15fc87f,hartr102,hartze001roy,Hartzell,Roy,Roy Allen,18810706
1916-IL:hayden,cw:7293629d,,hayden001cha,Hayden,Charles,Charles,
1916-IL:healey,cw:4642a16c,healt102,healy-002tho,Healy,Thomas,Thomas Fitzgerald,18951030
1916-IL:hendryx,cw:df4b6746,hendt101,hendry001tim,Hendryx,Tim,Timothy Green,18910131
1916-IL:herbert,cw:73a2ff2d,herbf101,herber001fre,Herbert,Fred,Frederick,18870304
1916-IL:hersche,cw:22c62968,,herche001fre,Herche,Fred,Fredrick Carl,18870701
1916-IL:hill,cw:b4ed3886,hillc102,hill--002car,Hill,Carmen,Carmen Proctor,18951001
1916-IL:hoelke,cw:8c762882,holkw101,holke-001wal,Holke,Walter,Walter Henry,18921225
1916-IL:hogan,cw:31355e67,,hogan-010---,Hogan,,,
1916-IL:howley,cw:e7746d1c,howld101,howley001dan,Howley,Dan,Daniel Philip,18851016
1916-IL:huenke,cw:cf1bcf27,huena101,huenke001alb,Huenke,Al,Albert Alfred,18910626
1916-IL:hummell,cw:79008a77,hummj101,hummel001joh,Hummel,John,John Edwin,18830404
1916-IL:humphries,cw:91b3b205,humpb101,humphr002alb,Humphries,Bert,Albert,18800926
1916-IL:jackson,cw:3ef29fd0,jackg102,jackso002geo,Jackson,George,George Christopher,18820102
1916-IL:jacobson,cw:35d4d474,jacom102,jacobs001mer,Jacobson,Merwin,Merwin John William,18940307
1916-IL:jarman,cw:2c98fde5,,jarman001fra,Jarman,Frank,Frank McWhorter,18920521
1916-IL:jaynes,cw:bc7b0c1a,,jaynes001lon,Jaynes,Lona,Lona Alvin,18920604
1916-IL:jenkins,cw:7053b00f,,jenkin011---,Jenkins,,,
1916-IL:kane,cw:f4d5e6f7,kanef101,kane--002fra,Kane,Frank,Francis Thomas,18950309
1916-IL:keating,cw:46119034,keatr101,keatin001ray,Keating,Ray,Raymond Herbert,18930721
1916-IL:kelliher,cw:f51234dc,kelim101,kelihe001mau,Keliher,Mickey,Maurice Michael,18900111
1916-IL:kelly,cw:005d986f,kellb104,kelly-006wil,Kelly,Billy,William Joseph,18860501
1916-IL:kibler,cw:504387bc,,kibler001j--,Kibler,Tom,J. Thomas,18860717
1916-IL:kircher,cw:e5a78704,,kirche001geo,Kircher,George,George C.,18871011
1916-IL:kirmayer,cw:b7c41890,,kirmay001alo,Kirmayer,Alois,Alois,1890
1916-IL:knowlson,cw:8be4ca95,knowt101,knowls001tho,Knowlson,Tom,Thomas Herbert,18950423
1916-IL:kopf,cw:66988c7b,kopfl101,kopf--001wil,Kopf,Larry,William Lorenz,18901103
1916-IL:kopp,cw:1905a4a9,koppm101,kopp--001mer,Kopp,Merlin,Merlin Henry,18920102
1916-IL:kramer,cw:139cb5e0,kremr101,kremer001rem,Kremer,Ray,Remy Peter,18930323
1916-IL:kritchell,cw:d85f37e8,kricp101,kriche001pau,Krichell,Paul,Paul Bernard,18821219
1916-IL:lamar,cw:17effd3f,lamab101,lamar-001wil,Lamar,Bill,William Harmong,18970321
1916-IL:leach,cw:ba1b7d5b,leact101,leach-001tho,Leach,Tommy,Thomas William,18771104
1916-IL:leake,cw:e93dd4a9,,leake-001alb,Leake,Al,Albert,
1916-IL:leverenz,cw:397fbc13,levew101,levere001wal,Leverenz,Walt,Walter Fred,18880721
1916-IL:lyons,cw:8e4aac37,,lyons-001fra,Lyons,Frank,Frank,
1916-IL:madden,cw:4eb79ffc,maddb101,madden001tho,Madden,Bunny,Thomas Francis,18820914
1916-IL:mahaffey,cw:b5652cd7,,mahaff010---,Mahaffey,,,
1916-IL:maisel,cw:314713a2,maisg101,maisel001geo,Maisel,George,George John,18920312
1916-IL:mangen,cw:7f12c3d8,,mangen001---,Mangen,,,
1916-IL:manning,cw:64f21f68,mannr101,mannin001wal,Manning,Rube,Walter Sanderson,18830429
1916-IL:markle,cw:2c236fd2,markc101,markle001cli,Markle,Cliff,Clifford Monroe,18940503
1916-IL:mcauley,cw:e317007a,mcaui101,mcaule001jam,McAuley,Ike,James Earl,18910819
1916-IL:mcavoy,cw:8ce1f05c,mcavw101,mcavoy001jam,McAvoy,Wickey,James Eugene,18941020
1916-IL:mcdermott,cw:3db68a8e,mcder101,mcderm001fra,McDermott,Red,Frank Aloyious,18881112
1916-IL:mcdonald,cw:5dd5348c,mcdoj102,mcdona001mal,McDonald,Joe,Malcolm Joseph,18880409
1916-IL:mckee,cw:7bbb69ea,mcker103,mckee-001ray,McKee,Red,Raymond Ellis,18900720
1916-IL:mckenery,cw:1c2b088a,mckel102,mckenr001fra,McKenry,Limb,Frank Gordon,18880813
1916-IL:mcquillan,cw:e1c48f48,mcquh101,mcquil001alv,McQuillan,Hugh,Alvin Hugh,18950915
1916-IL:mctigue,cw:fdfbb03a,mctib101,mctigu001wil,McTigue,Bill,William Patrick,18910603
1916-IL:milan,cw:0aaef1c3,milah101,milan-001hor,Milan,Horace,Horace Robert,18940407
1916-IL:miller,cw:86b0f3a4,mille102,miller001elm,Miller,Elmer,Elmer,18900728
1916-IL:mitchell,cw:2d6a3c2f,mitcm102,mitche002mic,Mitchell,Mike,Michael Francis,18791209
1916-IL:moore,cw:3bdccfe0,,moore-030---,Moore,,,
1916-IL:moran,cw:efe550ae,morah101,moran-002joh,Moran,Herbie,John Herbert,18840216
1916-IL:morisette,cw:3093b40d,morrb102,morris006wil,Morrisette,Bill,William Lee,18941121
1916-IL:mowe,cw:30259499,mower101,mowe--001ray,Mowe,Ray,Raymond Benjamin,18890712
1916-IL:mulrenan,cw:92645bb8,mulrd101,mulren001dom,Mulrenan,Dominic,Dominic Joseph,18931218
1916-IL:murray,cw:22f8fb88,murrr103,murray002joh,Murray,Red,John Joseph,18840304
1916-IL:newton,cw:93d37feb,,newton001sam,Newton,Doc,Sol Williams,18930925
1916-IL:odonnell,cw:d0d54e18,odonh101,odonne001har,O'Donnell,Harry,Harry Herman,18940402
1916-IL:oneil,cw:ce4693e8,oneij104,oneill006jam,O'Neill,Jim,James Leo,18930223
1916-IL:onslow-buf,cw:f2ac1b13,onslj101,onslow001joh,Onslow,Jack,John James,18881013
1916-IL:onslow-pro,cw:645b5350,onsle101,onslow001edw,Onslow,Eddie,Edward Joseph,18930217
1916-IL:pennock,cw:612bb457,pennh101,pennoc001her,Pennock,Herb,Herbert Jefferis,18940210
1916-IL:peters,cw:9c7f2df7,peter102,peters001ott,Peters,Rube,Otto Casper,18850315
1916-IL:pieh,cw:37a4cadd,piehc101,pieh--001edw,Pieh,Cy,Edwin John Otto,18860929
1916-IL:powell,cw:ebc33d01,power101,powell001ray,Powell,Ray,Raymond Raeth,18881120
1916-IL:prieste,cw:5948cd12,priej101,priest002joh,Priest,Johnny,John Gooding,18910623
1916-IL:rehg,cw:f6f90d1a,rehgw101,rehg--001wal,Rehg,Wally,Walter Phillip,18880831
1916-IL:reynolds,cw:1a6ff3e8,reynb101,reynol001wil,Reynolds,Bill,William Dee,18840814
1916-IL:rhoades,cw:0fcd9b93,,rhoade001h--,Rhoades,Harry,Harry H.,
1916-IL:ritter-bal+new,cw:98e528ae,,ritter001jam,Ritter,James,James H.,
1916-IL:ritter-roc,cw:66f01d0d,ritth101,ritter001wil,Ritter,Hank,William Herbert,18931012
1916-IL:roche,cw:6faff064,,roche-004---,Roche,,,
1916-IL:ross,cw:3c51bdee,,ross--001sam,Ross,Sammy,Samuel I.,18951109
1916-IL:russell,cw:5ad4535a,russl101,russel002cha,Russell,Lefty,Clarence Dickson,18900708
1916-IL:schacht,cw:04d01542,schaa101,schach001ale,Schacht,Al,Alexander,18921111
1916-IL:schrier,cw:f06ef951,,schrie001aug,Schrier,August,August,
1916-IL:schriever,cw:37751607,shrih101,shrive001har,Shriver,Harry,Harry Graydon,18960902
1916-IL:schultz,cw:2280d981,shult101,shultz001wal,Shultz,Toots,Wallace Luther,18881010
1916-IL:schwert,cw:c767d40e,schwp101,schwer001piu,Schwert,Pi,Pius Louis,18921122
1916-IL:shean,cw:1f32de3f,shead101,shean-001dav,Shean,Dave,David William,18830709
1916-IL:sherman-bal,cw:5c5b30ad,sherj101,sherma001joe,Sherman,Joe,Joel Powers,18901104
1916-IL:sherman-roc,cw:93ca30c4,sherd102,sherma001les,Sherman,Dan,Lester Daniel,18901126
1916-IL:shocker,cw:b63431c6,shocu101,shocke001urb,Shocker,Urban,Urban James,18900922
1916-IL:shorten,cw:d9de56ac,shorc101,shorte001cha,Shorten,Chick,Charles Henry,18920419
1916-IL:siglin,cw:37966538,siglp101,siglin001wes,Siglin,Paddy,Wesley Peter,18910924
1916-IL:slattery,cw:f2082c7e,,slatte001jos,Slattery,Joe,Joseph Patrick,18880315
1916-IL:sloan,cw:db4f3437,sloat101,sloan-001yal,Sloan,Tod,Yale Yeastman,18901224
1916-IL:smallwood,cw:6b6b6b42,smalw101,smallw002wal,Smallwood,Walt,Walter Clayton,18930424
1916-IL:smith.i-tor,cw:9987567b,,smith-001irv,Smith,Irving,William Irving,
1916-IL:smith.j-tor,cw:c56ff0d1,,smith-029j--,Smith,J.,J.,
1916-IL:smith.p-mon,cw:2fddd3f1,smitp103,smith-013pau,Smith,Paul,Paul Stoner,18880507
1916-IL:smith.s-mon,cw:55e1f30b,,smith-003s--,Smith,S.,S.,
1916-IL:smythe,cw:3268ecca,smytr101,smyth-001jam,Smyth,Red,James Daniel,18910130
1916-IL:stafford,cw:cb09eff9,stafh101,staffo001hen,Stafford,Heinie,Henry Alexander,18911101
1916-IL:steinbrenner,cw:d0323c7c,steig101,steinb002eug,Steinbrenner,Gene,Eugene Gass,18921117
1916-IL:tenney,cw:40c98ad2,tennf102,tenney001fre,Tenney,Fred,Frederick,18711126
1916-IL:teste,cw:41560169,,tester003---,Tester,,,
1916-IL:thompson,cw:aa6094eb,thomh104,thomps001har,Thompson,Harry,Harold,18890909
1916-IL:thormahlen,cw:5d7570fd,thorh101,thorma001her,Thormahlen,Hank,Herbert Ehler,18960705
1916-IL:tincup,cw:84aa0851,tincb101,tincup001aus,Tincup,Ben,Austin Ben,18930414
1916-IL:tipple,cw:141210a3,tippd101,tipple001dan,Tipple,Dan,Daniel Slaughter,18900213
1916-IL:trout,cw:a50c4ad3,,trout-001irv,Trout,Irvin,Irvin H.,18930101
1916-IL:truesdale,cw:6c23488f,truef101,truesd001fra,Truesdale,Frank,Frank Day,18840331
1916-IL:turner,cw:cf5a8aa5,turnt103,turner004tho,Turner,Tink,Thomas Lovatt,18900220
1916-IL:tutweiler,cw:66df2c62,tutwg101,tutwil001guy,Tutwiler,Guy,Guy Isbel,18880717
1916-IL:twombly,cw:06d3a1bc,twomg101,twombl002geo,Twombly,George,George Frederick,18920604
1916-IL:tyson,cw:27e30838,tysot102,tyson-001alb,Tyson,Ty,Albert Thomas,18920601
1916-IL:verbout,cw:cc079c78,,verbou001joh,Verbout,John,John J.,18880921
1916-IL:viox,cw:b324e8ed,vioxj101,viox--001jam,Viox,Jim,James Henry,18901230
1916-IL:wagner,cw:6e6658a7,wagnj101,wagner001jos,Wagner,Joe,Joseph Bernard,18890424
1916-IL:way,cw:9c21315f,,way---001nel,Way,Nelson,Nelson M.,
1916-IL:wells,cw:f707c838,,wells-001rob,Wells,Bob,Robert,
1916-IL:wilder,cw:028380d5,,wilder001fre,Wilder,Fred,Frederick John,18950306
1916-IL:wilkinson,cw:fff5491d,wilkr101,wilkin003roy,Wilkinson,Roy,Roy Hamilton,18930508
1916-IL:winston,cw:ba531a2b,,winsto001h--,Winston,H.,H. E.,
1916-IL:witterstaetter,cw:c9e4a49c,,witter001leo,Witterstaetter,Lee,Leo W.,18900113
1916-IL:wood,cw:711d07c6,,wood--007---,Wood,,,
1916-IL:yelle,cw:470a3733,yella101,yelle-001arc,Yelle,Archie,Archie Joseph,18920611
1916-IL:zacher,cw:ccd21193,zache101,zacher001elm,Zacher,Elmer,Elmer Henry,18800917
1916-IL:zimmerman,cw:c77642f0,zimme101,zimmer001edw,Zimmerman,Eddie,Edward Desmond,18830104
1916-NORL:adams,cw:acc137e3,,adams-001war,Adams,Warren,Warren,
1916-NORL:bachant,cw:e54a4809,,bachan001lou,Bachant,Lou,Louis G.,18880926
1916-NORL:bell,cw:60e954a9,bellr101,bell--002ral,Bell,Ralph,Ralph Albert,18901106
1916-NORL:bentley,cw:551c9b9c,,bentle003---,Bentley,,,
1916-NORL:benton,cw:57aabf48,,benton001har,Benton,Harry,Harry F.,
1916-NORL:berger,cw:fcdf0149,,berger002e--,Berger,E. C.,E. C.,
1916-NORL:boardman,cw:2bd1cb0c,,boardm002---,Boardman,,,
1916-NORL:brautigan,cw:c85736cd,,brauti001geo,Brautigam,George,George,
1916-NORL:brokaw,cw:b3a1ad83,,brokaw001hal,Brokaw,Hal,Hal,
1916-NORL:burden,cw:997c192d,,burden003---,Burden,,,
1916-NORL:burgwald.ted,cw:16648711,,burgwa001the,Burgwald,Ted,Theodore,
1916-NORL:burgwald.tony,cw:5b2c7ae7,,burgwa001ton,Burgwald,Tony,Tony,
1916-NORL:conroy,cw:32479a47,,conroy001w--,Conroy,W.,W.,
1916-NORL:cronin,cw:d7f8e8b2,,cronin001bud,Cronin,Bud,Bud,
1916-NORL:culver,cw:3b78f0e0,,culver001am-,Culver,A. M.,Armour Millney,18890623
1916-NORL:debus,cw:eb7a89ad,debua101,debus-001ada,DeBus,Adam,Adam Joseph,18921007
1916-NORL:donovan,cw:6f4e797b,,donova002g--,Donovan,Red,G.,
1916-NORL:dries,cw:6611b4e2,,dries-001fra,Dries,Frank,Frank,
1916-NORL:earhart,cw:16782d28,ehrhr101,ehrhar001wel,Ehrhardt,Rube,Welton Claude,18941120
1916-NORL:ellis,cw:ff4d94a5,,ellis-001alf,Ellis,Alfred,Alfred E.,
1916-NORL:erickson,cw:fac47b11,,ericks001fra,Erickson,Frank,Frank,
1916-NORL:gervais,cw:7a6aa077,gervl101,gervai001luc,Gervais,Lefty,Lucien Edward,18900706
1916-NORL:handee,cw:9f494f64,,handee001---,Handee,,,
1916-NORL:hewitt,cw:a53b2997,,hewitt001rob,Hewitt,Robert,Robert G.,
1916-NORL:johnson,cw:3a525e68,,johnso002fra,Johnson,Frank,Frank,
1916-NORL:kernan,cw:77206ffc,,kernan001jos,Kernan,Joe,Joseph Eugene,18890921
1916-NORL:lane,cw:af34c697,,lane--001eve,Lane,Everett,Everett,
1916-NORL:lawler,cw:f5e4c700,,lawler001law,Lawler,Bee,Lawrence Kelly,18911212
1916-NORL:matts,cw:515d335f,,matts-001har,Matts,Harry,Harry,
1916-NORL:meisner,cw:1e628c14,,meisne002---,Meisner,,,
1916-NORL:meixell,cw:3372f89a,meixm101,meixel001mer,Meixell,Moxie,Merton Merrill,18871018
1916-NORL:miller,cw:9849e229,millh103,miller001lau,Miller,Hack,Laurence H.,18940101
1916-NORL:moore,cw:0c27666f,,moore-027wil,Moore,William,William,
1916-NORL:nagle,cw:3cca89e5,,nagle-001jos,Nagle,Joe,Joseph J.,1895
1916-NORL:obrien,cw:b35aa999,,obrien002t--,O'Brien,T. J.,T. J.,
1916-NORL:radloff,cw:19ab174b,,radlof001joh,Radloff,John,John W.,
1916-NORL:rook,cw:426ba421,,rook--001her,Rook,Herb,Herb,
1916-NORL:schreiber,cw:74a90154,schrh101,schrei001hen,Schreiber,Hank,Henry Walter,18910712
1916-NORL:shaefer,cw:562c8df6,,shaefe003---,Shaefer,,,
1916-NORL:sheehan,cw:21d6faaf,sheej101,sheeha004joh,Sheehan,Jack,John Thomas,18930415
1916-NORL:smith,cw:839288d2,,smith-002aug,Smith,August,August J.,
1916-NORL:sours,cw:4cd8157f,,sours-001lyl,Sours,Lyle,Lyle,
1916-NORL:stevenson,cw:32bc6805,,steven001les,Stevenson,Les,Lester F.,
1916-NORL:sundheim,cw:db593b8f,,sundhe001joh,Sundheim,John,John,188211
1916-NORL:tiffany,cw:0de45dca,,tiffan001cla,Tiffany,Clarence,Clarence E.,
1916-NORL:unglaub,cw:55b44f2e,unglb101,unglau002rob,Unglaub,Bob,Robert Alexander,18800731
1916-NORL:vigerist,cw:438893c2,,vigeru001her,Vigerust,Herman,Herman,
1916-NORL:webb,cw:161457de,webbb101,webb--002wil,Webb,Bill,William Joseph,18950625
1916-NORL:weidell,cw:20a33ef8,,weidel001joe,Weidell,Joe,Joe,
1916-NORL:wilkinson,cw:6a057da5,,wilkin002har,Wilkinson,Harry,Harry J.,
1916-NORL:withrow,cw:2d6f0022,withf101,withro001fra,Withrow,Frank,Frank Blaine,18910614
1916-NORL:wolfe,cw:94d9196e,wolfh101,wolfe-001har,Wolfe,Harry,Harold,18881124
1916-NORL:wright,cw:cf5ac309,,wright066---,Wright,,,
1916-NWES:acosta,cw:42073595,acosj101,acosta003jos,Acosta,Jose,Jose,18910304
1916-NWES:altman,cw:aa9bed3e,,altman001jos,Altman,Joe,Joseph,18830129
1916-NWES:baldwin,cw:1dbe949a,,baldwi002ear,Baldwin,Red,Earl Philips,18940901
1916-NWES:bankhead,cw:75fbda48,,bankhe001too,Bankhead,Toots,Toots,
1916-NWES:barham,cw:985a0fe1,,barham001way,Barham,Wayne,Wayne,18840307
1916-NWES:bartholomey,cw:adda4d8b,,bartho001alf,Bartholemy,Al,Alfred Edward,18950426
1916-NWES:bennett,cw:eb38c735,bennp101,bennet001jus,Bennett,Pug,Justin Titus,18740220
1916-NWES:bigbee,cw:5b5d1b2d,bigbc101,bigbee001car,Bigbee,Carson,Carson Lee,18950331
1916-NWES:boeckel,cw:474861ff,boect101,boecke001nor,Boeckel,Tony,Norman Doxie,18920825
1916-NWES:bohne,cw:9d237f00,bohns101,bohne-001sam,Bohne,Sam,Samuel Arthur,18961022
1916-NWES:bonner,cw:9f44cdaa,,bonner001alb,Bonner,Al,Allan Edward,18910412
1916-NWES:brinker,cw:d19dd19f,brinb101,brinke001wil,Brinker,Bill,William Hutchinson,18830830
1916-NWES:brooks,cw:53710902,,brooks002cha,Brooks,Charles,Charles B.,
1916-NWES:brown.b,cw:eed8360d,,brown-027rob,Brown,Bob,Robert Paul,18760705
1916-NWES:brown.u,cw:821fa353,,brown-005roy,Brown,Roy,Roy Mahan,18931016
1916-NWES:cadman,cw:f71ff635,,cadman001wal,Cadman,Walt,Walter Joseph,18850820
1916-NWES:callahan,cw:9d98902d,callr101,callah001ray,Callahan,Ray,Raymond James,18910829
1916-NWES:calvo,cw:07524210,calvj101,calvo-001jac,Calvo,Jack,Jacinto,18940611
1916-NWES:carman,cw:705af57d,,carman001fre,Carman,Jack,Fred Adelbert,18840802
1916-NWES:check,cw:df00e05f,,check-001---,Check,,,
1916-NWES:cheek,cw:035f30af,cheeh101,cheek-001har,Cheek,Harry,Harry Gordon,18790423
1916-NWES:clark,cw:78cdbb32,,clark-012jam,Clark,James,James F.,
1916-NWES:coltrin,cw:b29fb735,,coltri001rob,Coltrin,Bobby,Robert A.,18901105
1916-NWES:connelly,cw:f798e5a1,connj107,connol001jos,Connolly,Joe,Joseph Francis,18840201
1916-NWES:crisp,cw:e7bf3136,,crisp-003---,Crisp,,,
1916-NWES:cunningham.t,cw:738827e9,,cunnin001tho,Cunningham,Thomas,Thomas,
1916-NWES:cunningham.w,cw:34793548,cunnb102,cunnin003wil,Cunningham,Bill,William Aloysius,18940730
1916-NWES:eastley,cw:acd13c77,,eastle001fra,Eastley,Pat,Frank Henry,18840924
1916-NWES:eldred,cw:5eab175d,,eldred001ros,Eldred,Ross,Ross C.,18920726
1916-NWES:engle,cw:246d206c,,engle-006---,Engle,,,
1916-NWES:evans,cw:52748686,,evans-015---,Evans,,,
1916-NWES:fitzsimmons,cw:d0af505e,fitzt101,fitzsi001tho,Fitzsimmons,Tom,Thomas William,18900406
1916-NWES:follman,cw:39754965,,folman001---,Folman,,,
1916-NWES:fries,cw:7d3bbac7,,fries-001edw,Fries,Edward,Edward W.,
1916-NWES:gharrity,cw:3198a173,,gharrl001---,Gharrlty,,,
1916-NWES:giddings,cw:bf75af1b,,giddin001bun,Giddings,Bun,John Aranda,18880507
1916-NWES:gislason,cw:9b2298fb,,gislas002gar,Gislason,Garde,Garde,18940922
1916-NWES:grover,cw:2d47fa43,grovr101,grover001roy,Grover,Roy,Roy Arthur,18920117
1916-NWES:guigni,cw:bbf7dc8a,,guigni001fra,Guigni,Frank,Frank L.,
1916-NWES:hamilton,cw:ce44f6f2,,hamilt005wil,Hamilton,Billy,William Louis,18920827
1916-NWES:harper,cw:e2b26b5f,,harper002har,Harper,Harry,Harry S.,
1916-NWES:harstad,cw:ef6fd305,harso101,harsta001osc,Harstad,Oscar,Oscar Theander,18920524
1916-NWES:hartman,cw:4da11134,,hartma001al-,Hartman,Al,Al,
1916-NWES:haworth,cw:af3e4ff3,hawoh101,hawort001hom,Haworth,Howie,Homer Harold,18930827
1916-NWES:healey,cw:b629d7df,,healey001fra,Healey,Francis,Francis,
1916-NWES:hendrix,cw:ee37bc80,,hendri001rho,Hendrix,Rhoddy,Rhoddy,18870128
1916-NWES:hester,cw:f2887cfa,,hester001her,Hester,Herb,Herbert H.,18860603
1916-NWES:hillyard,cw:efca3886,,hillya001dav,Hillyard,Dave,David,
1916-NWES:hoffman,cw:b8dff049,,hoffma003har,Hoffman,Dutch,Harry,18901226
1916-NWES:hood,cw:d691815c,hoodw101,hood--002wal,Hood,Wally,Wallace James,18950209
1916-NWES:hovey,cw:10289509,,hovey-001phi,Hovey,Phil,Phillip Medley,18920407
1916-NWES:huelsman,cw:aba9c86f,huelf101,huelsm001fra,Huelsman,Frank,Frank Elmer,18740605
1916-NWES:hurley,cw:e4ce0ee5,,hurley003wil,Hurley,Bill,William Joseph,18800925
1916-NWES:johnson,cw:a470cc6b,,johnso002eds,Johnson,Edson,Edson,
1916-NWES:kallio,cw:31029817,kallr101,kallio001rud,Kallio,Rudy,Rudolph,18921214
1916-NWES:kelly,cw:c02eb275,kellj105,kelly-009jam,Kelly,Jim,James Robert,18840201
1916-NWES:killilay.j,cw:18051514,killj101,killil001joh,Killilay,Jack,John William,18870524
1916-NWES:killilay.m,cw:75fabe10,,killil001mar,Killilay,Marty,Martin Aloysius,18830617
1916-NWES:kippert,cw:5af8deda,kippe101,kipper002edw,Kippert,Ed,Edward August,18790123
1916-NWES:leard,cw:d532b011,learb101,leard-001wil,Leard,Bill,William Wallace,18851014
1916-NWES:leifer,cw:5785efc1,,leiter001elm,Leiter,Elmer,Elmer,
1916-NWES:leonard,cw:1053a855,,leonar005---,Leonard,,,
1916-NWES:levine,cw:3e76eba1,,levine001jos,Levine,Joseph,Joseph,
1916-NWES:mcardle,cw:08413e35,,mcardl001har,McArdle,Harry,Harry,
1916-NWES:mcginnis,cw:c5f858b6,,mcginn001geo,McGinnis,George,George C.,18950202
1916-NWES:mcginnity,cw:f75cf09d,mcgij101,mcginn001jos,McGinnity,Joe,Joseph Jerome,18710320
1916-NWES:mcivor,cw:7654d7d1,,mcivor001wil,McIvor,William,William,
1916-NWES:mcjanet,cw:3d61fda2,,mcjane001r--,McJanet,R.,R. M.,
1916-NWES:mehlbaf,cw:861118cd,,mehlha001---,Mehlhaf,,,
1916-NWES:meikle,cw:da096700,,meikle001wil,Meikle,Willard,Willard,
1916-NWES:menges,cw:8d2cec27,,menges001wil,Menges,Billy,William Carroll,18911230
1916-NWES:mensor,cw:ba0c0a94,mense101,mensor001edw,Mensor,Ed,Edward,18851107
1916-NWES:moran,cw:6ae2c35c,,moran-001pat,Moran,Patrick,Patrick,
1916-NWES:morse,cw:e3314c73,,morse-001har,Morse,Harry,Harry Arthur,18940402
1916-NWES:murphy,cw:13d73231,,murphy011rob,Murphy,Rod,Robert O. D.,18921019
1916-NWES:murray,cw:8e6bde72,,murray001dan,Murray,Daniel,Daniel,18950922
1916-NWES:neighbors,cw:7e896d49,neigc101,neighb001fle,Neighbors,Cy,Cecil Fleming,18800923
1916-NWES:noble,cw:ba915283,,noble-003jam,Noble,James,James,
1916-NWES:obrien,cw:08e900b3,,obrien013---,O'Brien,,,
1916-NWES:pappa,cw:9cf06535,,pappa-001jul,Pappa,Julius,Julius Raymond,18910103
1916-NWES:peterson,cw:b4211b35,,peters002hen,Peterson,Henry,Henry,
1916-NWES:raymond,cw:4aa2c1d2,,raymon002fra,Raymond,Frank,Frank C.,1882
1916-NWES:reuther,cw:bdbe89ae,ruetd101,ruethe001wal,Ruether,Dutch,Walter Henry,18930913
1916-NWES:roberts,cw:f2a03ad9,,robert050---,Roberts,,,
1916-NWES:rose,cw:31ca28f7,,rose--006wil,Rose,William,William J.,
1916-NWES:russell,cw:62b5dc00,russj101,russel003joh,Russell,John,John Albert,18941020
1916-NWES:schmutz,cw:36bff265,schmc102,schmut001cha,Schmutz,Charlie,Charles Otto,18910101
1916-NWES:schroeder,cw:afba36db,,schroe002cly,Schroeder,Clyde,Clyde M.,1891
1916-NWES:sells,cw:58e1147c,,sells-001lou,Sells,Louis,Louis,
1916-NWES:shaw,cw:47dbf313,shawh101,shaw--001roy,Shaw,Hunky,Royal N.,18840929
1916-NWES:shea,cw:b80cd36b,,shea--001dan,Shea,Danny,Daniel George,18791116
1916-NWES:sheehan,cw:a1803432,,sheeha001les,Sheehan,Les,Leslie M.,18940730
1916-NWES:sheely,cw:79513aef,sheee101,sheely001ear,Sheely,Earl,Earl Homer,18930212
1916-NWES:smith,cw:b402a8f6,,smith-001llo,Smith,Lloyd,Lloyd,
1916-NWES:stokke,cw:59cf14e7,,stokke001gil,Stokke,Gilbert,Gilbert,
1916-NWES:sutherland,cw:a89b0aa6,suths101,suther001har,Sutherland,Suds,Harvey Scott,18940220
1916-NWES:thompson,cw:75668706,,thomps002e--,Thompson,Earl,Earl F.,
1916-NWES:toner,cw:3e40a16a,,toner-002tho,Toner,Red,Thomas P.,18880922
1916-NWES:tucker,cw:efaa88f5,,tucker016---,Tucker,,,
1916-NWES:webb,cw:57e5845c,,webb--001eme,Webb,Emery,Emery,
1916-NWES:white,cw:0396e334,,white-002a--,White,A.,A.,
1916-NWES:williams-tac,cw:d852e821,,willia008d--,Williams,D.,D.,
1916-NWES:williams.k-spo,cw:4a926ed9,willk101,willia007ken,Williams,Ken,Kenneth Roy,18900628
1916-NWES:williams.n-spo,cw:ba31e75e,,willia011ric,Williams,Nick,Richard Lloyd,18801017
1916-NWES:wolfer,cw:9c02d03a,,wolfer001mer,Wolfer,Ike,Merle John,18930218
1916-NWES:wolfram,cw:02927764,,wolfra001fra,Wolfram,Frank,Frank M.,
1916-NWES:wuffli,cw:5d71a994,,wuffli001joh,Wuffli,Johnny,John,18910514
1916-NWES:zamlock,cw:a165d6c5,zamlc101,zamloc001car,Zamloch,Carl,Carl Eugene,18891006
1916-NWES:zimmerman,cw:601be7bc,,zimmer009---,Zimmerman,,,
1916-NWES:zinke,cw:5d67cedf,,zinke-001---,Zinke,,,
1916-NYSL:ahles,cw:75a2af3b,,ahles-001cha,Ahles,Charles,Charles,
1916-NYSL:almeida,cw:be7d2a2d,almer101,almeid001raf,Almeida,Rafael,Rafael D.,18870630
1916-NYSL:babbington,cw:d52b1b90,,babbin001cha,Babbington,Charles,Charles P.,
1916-NYSL:barnhardt,cw:c3813dce,,barnha002dea,Barnhardt,Dean,Dean D.,18950525
1916-NYSL:beckvermit,cw:947bc9c7,,beckve001joh,Beckvermit,John,John,18930712
1916-NYSL:bedenk,cw:7c35a6d9,,bedenk001fra,Bedenk,Joseph,Frank Joseph,
1916-NYSL:beretski,cw:16ff48fb,,beresk001mic,Beresky,Mike,Michael,18940107
1916-NYSL:blair,cw:e377af11,,blair-012---,Blair,,,
1916-NYSL:boehler,cw:06401afb,boehg101,boehle001geo,Boehler,George,George Henry,18920102
1916-NYSL:brackett,cw:44dbc3e6,,bracke001hen,Brackett,Hank,Henry James,18931110
1916-NYSL:brannan,cw:1e5743b6,,branno001fra,Brannon,Frank,Frank,188708
1916-NYSL:breckenridge,cw:ad38f18f,,brecke001cli,Breckenridge,Clinton,Clinton S.,
1916-NYSL:breen,cw:afd93af2,,breen-001ric,Breen,Dick,Richard Francis,18840922
1916-NYSL:briger,cw:461c6c4a,,briger001jos,Briger,Joe,Joseph,18800110
1916-NYSL:brower,cw:4fbcb050,browf102,brower001fra,Brower,Frank,Frank Willard,18930326
1916-NYSL:brown-har,cw:ada9251e,,brown-141---,Brown,,,
1916-NYSL:brown-rea,cw:b3d80328,,brown-010j--,Brown,J.,J.,
1916-NYSL:brown-syr,cw:f6c3d677,,brown-011c--,Brown,C.,C.,
1916-NYSL:brown-wb,cw:84088169,,brown-003tho,Brown,Thomas,Thomas A.,
1916-NYSL:bruggy,cw:e2b63cce,brugf101,bruggy001fra,Bruggy,Frank,Frank Leo,18910504
1916-NYSL:bruns,cw:e99ceb50,,bruns-001har,Bruns,Harry,Harry E.,
1916-NYSL:bryant,cw:998152d0,,bryant001tho,Bryant,Thomas,Thomas,
1916-NYSL:buck,cw:8a39de13,,buck--001how,Buck,Howard,Howard Lorenzo,18871207
1916-NYSL:buckles,cw:2daab6de,buckj102,buckle001jes,Buckles,Jess,Jesse Robert,18900520
1916-NYSL:burns,cw:2d8ca5c6,,burns-016---,Burns,,,
1916-NYSL:calhoun,cw:0ef294d0,calhj101,calhou002joh,Calhoun,Jack,John Charles,18791214
1916-NYSL:callahan,cw:4830991d,calld101,callah002dav,Callahan,Dave,David Joseph,18880720
1916-NYSL:caporal,cw:e982c9ee,,capora001fra,Caporal,Frank,Frank,
1916-NYSL:casey,cw:8a1d3300,,casey-018---,Casey,,,
1916-NYSL:catiz,cw:ed657d64,,catiz-001jam,Catiz,James,James Howard,18860701
1916-NYSL:clermont,cw:863f9c0b,,clermo001---,Clermont,,,
1916-NYSL:clougher,cw:3985b091,,clough001joh,Clougher,John,John J.,
1916-NYSL:coles,cw:c73f6aad,colec104,coles-001cad,Coles,Cad,Cadwallader,18860117
1916-NYSL:conroy,cw:9202a5e3,conrw101,conroy003wil,Conroy,Wid,William Edward,18770405
1916-NYSL:cook,cw:e32de678,,cook--045---,Cook,,,
1916-NYSL:corcoran,cw:b59c8a21,corcm101,corcor001mic,Corcoran,Mickey,Michael Joseph,18820826
1916-NYSL:cranston,cw:6ccba8da,,cranst001wil,Cranston,Bill,William,18790801
1916-NYSL:creager,cw:3d7b3e7c,,creage001joh,Creager,John,John,
1916-NYSL:degroff,cw:a6a73903,degrr101,degrof001edw,DeGroff,Rube,Edward Arthur,18790902
1916-NYSL:dell,cw:d872f498,,dell--001joh,Dell,John,John,
1916-NYSL:dessau,cw:048c31cb,,deasau001---,Deasau,,,
1916-NYSL:devinney,cw:b1a82d90,devih101,devine001har,Deviney,Hal,Harold John,18930411
1916-NYSL:donohue,cw:9990a5ca,,donohu001wil,Donohue,William,William J.,
1916-NYSL:dougherty,cw:2b3560ee,,doughe003pat,Dougherty,Patrick,Patrick Joseph,
1916-NYSL:downey,cw:3af43ef5,,downey004---,Downey,,,
1916-NYSL:drake,cw:dd7557a5,drakd101,drake-002del,Drake,Delos,Delos Daniel,18861203
1916-NYSL:duchesnil,cw:4990fbe1,,duches001art,Duchesnil,Arthur,Arthur,
1916-NYSL:ehmke,cw:753ebff0,ehmkh101,ehmke-001how,Ehmke,Howard,Howard Jonathan,18940424
1916-NYSL:ellott,cw:a10e2342,,elliot021---,Elliott,,,
1916-NYSL:evans,cw:47a2c34b,,evans-004ray,Evans,Ray,Raymond Brown,18840220
1916-NYSL:falsey,cw:93df1f1b,,falsey001---,Falsey,,,
1916-NYSL:farrell,cw:6b701b2b,,farrel013---,Farrell,,,
1916-NYSL:fisher,cw:17830752,,fisher005---,Fisher,,,
1916-NYSL:fox,cw:acb4ed11,,fox---004jac,Fox,Jack,John Paul,18850521
1916-NYSL:friel,cw:6e017a63,,friel-001jos,Friel,Buck,Joseph Raymond,18860606
1916-NYSL:fritz,cw:4c2051d8,frith101,fritz-001har,Fritz,Harry,Harry Koch,18900930
1916-NYSL:frock,cw:3a7934b5,frocs101,frock-001sam,Frock,Sam,Samuel William,18821223
1916-NYSL:gagnier,cw:5d3c4747,,gagnie001---,Gagnier,,,
1916-NYSL:genest,cw:d6fec699,,genest001w--,Genest,Wilfred,Wilfred H.,
1916-NYSL:gerner,cw:d6dab1b2,gerne101,gerner001edw,Gerner,Ed,Edwin Frederick,18970722
1916-NYSL:giddo,cw:4c29248e,,giddo-001mic,Giddo,Michael,Michael,
1916-NYSL:gingras,cw:6a60e1d3,gingj101,gingra001jos,Gingras,Joe,Joseph John,18930110
1916-NYSL:gonzales,cw:57ab7340,gonze101,gonzal002eus,Gonzalez,Eusebio,Eusebio Miguel,18920713
1916-NYSL:gough,cw:46af2f4f,,gough-001irw,Gough,Irwin,Irwin,18870606
1916-NYSL:haas,cw:b4eafbab,haasb101,haas--001bru,Haas,Bruno,Bruno Philip,18910505
1916-NYSL:haddock,cw:ba3587e2,,haddoc001joh,Haddock,John,John P.,
1916-NYSL:hall,cw:a1d2e7c9,hallb107,hall--002wil,Hall,Bill,William Bernard,18940222
1916-NYSL:harned,cw:eb484d7a,,harned001war,Harned,Warren,Warren Korns,18880416
1916-NYSL:harrison,cw:3964816f,,harris002e--,Harrison,Edward,Edward,
1916-NYSL:hartman,cw:d378ae74,,hartma001cha,Hartman,Charles,Charles,
1916-NYSL:helfrich,cw:0e12c0d8,,helfri001gus,Helfrich,Gus,Gus F.,18960106
1916-NYSL:higgins,cw:3480e9d2,,higgin001fes,Higgins,Festus,Festus,18911227
1916-NYSL:hildebrand,cw:7b04c440,hildp101,hildeb001pal,Hildebrand,Palmer,Palmer Marion,18841223
1916-NYSL:holt,cw:3688c8f0,,holt--001---,Holt,,,
1916-NYSL:hopper,cw:f4822e31,,hopper011---,Hopper,,,
1916-NYSL:huenke,cw:cf1bcf27,huena101,huenke001alb,Huenke,Al,Albert Alfred,18910626
1916-NYSL:hunter,cw:e046ac6c,huntg101,hunter002geo,Hunter,George,George Henry,18870708
1916-NYSL:inglis,cw:42ea2112,,inglis001joh,Inglis,Jack,John William,18870904
1916-NYSL:irvin,cw:4923a1d2,,irving001wil,Irving,William,William,
1916-NYSL:jordan-bin,cw:0ccec9d3,jordt101,jordan002tim,Jordan,Tim,Timothy Joseph,18790214
1916-NYSL:jordan-elm,cw:d9813746,jordr101,jordan002ray,Jordan,Rip,Raymond Willis,18890928
1916-NYSL:kane,cw:f4d5e6f7,kanef101,kane--002fra,Kane,Frank,Francis Thomas,18950309
1916-NYSL:karpp,cw:e547afd2,,karpp-001fra,Karpp,Francis,Francis R.,
1916-NYSL:kay,cw:bc75cc84,kay-b101,kay---001wal,Kay,Bill,Walter Brocton,18780214
1916-NYSL:kearns,cw:93c90949,,kearns008---,Kearns,,,
1916-NYSL:kirkpatrick,cw:3bd64955,kirke101,kirkpa001eno,Kirkpatrick,Enos,Enos Claire,18841209
1916-NYSL:kling,cw:100566e6,,kling-002---,Kling,,,
1916-NYSL:konnick,cw:5cabf0b1,konnm101,konnic001mic,Konnick,Mike,Michael Aloysius,18890113
1916-NYSL:kroy,cw:64d44148,,kroy--001cha,Kroy,Charles,Charles,
1916-NYSL:kutz,cw:34f93a22,,kutz--001her,Kutz,Herbert,Herbert W.,
1916-NYSL:layden,cw:a65cda64,,layden004---,Layden,,,
1916-NYSL:lewis-rea,cw:2cbc7d42,,lewis-013---,Lewis,,,
1916-NYSL:lewis-wb,cw:adf523ae,lewij101,lewis-003joh,Lewis,Jack,John David,18840214
1916-NYSL:lied,cw:e326bb7e,,leid--001fre,Leid,Fred,Fred,
1916-NYSL:loudenslager,cw:e94fd101,loudc101,louden001cha,Loudenslager,Charlie,Charles Edward,18810521
1916-NYSL:madden,cw:c75b5c64,maddg101,madden001eug,Madden,Gene,Eugene,18900605
1916-NYSL:martin,cw:296b8ff5,martb103,martin011wil,Martin,Billy,William Gloyd,18940213
1916-NYSL:mathes,cw:d26e6183,mathj102,mathes001jos,Mathes,Joe,Joseph John,18910728
1916-NYSL:mccabe,cw:1488ec6a,,mccabe002tho,McCabe,Thomas,Thomas Joseph,18880828
1916-NYSL:mcconnell,cw:5cafb04c,mccoa101,mcconn001amb,McConnell,Amby,Ambrose Moses,18830429
1916-NYSL:mcgovern,cw:bc93b3a0,,mcgove001red,McGovern,Red,James,
1916-NYSL:mchale,cw:6e809ff2,,mchale002---,McHale,,,
1916-NYSL:meyer,cw:07a8e79b,,meyer-004wil,Meyer,William,William F.,
1916-NYSL:miller,cw:75ef90f3,,miller011cha,Miller,Charles,Charles I.,1885
1916-NYSL:mills,cw:5d753432,,mills-014---,Mills,,,
1916-NYSL:mullen,cw:d7f64a47,mullj102,mullin001jam,Mullen,Jim,James Henry,18770109
1916-NYSL:murphy,cw:07c23150,murpm102,murphy008mic,Murphy,Mike,Michael Jerome,18880819
1916-NYSL:noonan,cw:cdab4045,noonp101,noonan001pet,Noonan,Pete,Peter John,18811124
1916-NYSL:oakes,cw:c0e2df77,,oakes-001fre,Oakes,Fred,Fred,
1916-NYSL:oberlin,cw:dc686e91,oberf101,oberli002fra,Oberlin,Frank,Frank Rufus,18760329
1916-NYSL:oconnor,cw:a1fdc9b2,,oconno024---,O'Connor,,,
1916-NYSL:oneill,cw:eef04954,oneim101,oneill002mic,O'Neill,Mike,Michael Joyce,18770907
1916-NYSL:orourke,cw:017d97b0,orouf101,orourk002jam,O'Rourke,Frank,James Francis,18931128
1916-NYSL:parsons,cw:52015293,parsj102,parson001wil,Parson,Jiggs,William Edwin,18851227
1916-NYSL:pepe,cw:fd3016d2,,pepe--001jos,Pepe,Joe,Joseph,1888
1916-NYSL:peterson,cw:7530bef1,peteb101,peters005rob,Peterson,Bob,Robert Andrew,18840616
1916-NYSL:purtell,cw:4d41272b,,purtel001mar,Purtell,Marty,Lawrence Mark,18890723
1916-NYSL:quinn,cw:e6b170dc,,quinn-002owe,Quinn,Owen,Owen M.,
1916-NYSL:rapp,cw:362df943,,rapp--001fra,Rapp,Frank,Frank,
1916-NYSL:reed,cw:7386ce24,,reed--024---,Reed,,,
1916-NYSL:reichle,cw:b3bca965,,reichl001edw,Reichle,Ed,Edward R.,18830401
1916-NYSL:riley,cw:9141523b,rilej102,riley-002jam,Riley,Jim,James Joseph,18861110
1916-NYSL:ring,cw:f9428686,ringj101,ring--001jam,Ring,Jimmy,James Joseph,18950215
1916-NYSL:ritter,cw:7fb6492a,,ritter012---,Ritter,,,
1916-NYSL:robbins,cw:691c92e7,,robbin001rus,Robbins,Russell,Russell R.,
1916-NYSL:roche,cw:c071c9a3,,roche-009---,Roche,,,
1916-NYSL:roth,cw:a346a3ff,,roth--001dav,Roth,David,David Lambert,18920826
1916-NYSL:sandberg,cw:ffccd07a,sanbg101,sanber001gus,Sandberg,Gus,Gustave E.,18950223
1916-NYSL:schepner,cw:769ce303,schej102,schepn001jos,Schepner,Joe,Joseph Maurice,18950810
1916-NYSL:schilling,cw:bb3afdde,,schill001pau,Schilling,Paul,Paul A.,
1916-NYSL:senno,cw:7097ace6,,senno-001dan,Senno,Dan,Daniel Anthony,18860215
1916-NYSL:sherry,cw:08085f73,sherf101,sherry001fre,Sherry,Fred,Fred Peter,18890613
1916-NYSL:sitton,cw:f108e58b,sittc101,sitton001car,Sitton,Carl,Charles Vedder,18810922
1916-NYSL:smith-rea,cw:187eac58,,smith-007f--,Smith,F.,F.,
1916-NYSL:smith-syr,cw:6b1c48d8,,smith-006d--,Smith,D.,D.,
1916-NYSL:smith-uti,cw:28002760,,smith-003edw,Smith,Edward,Edward B.,
1916-NYSL:strait,cw:5d34f19e,,strait002lee,Strait,Lee,Lee V.,
1916-NYSL:sullivan,cw:4eb9867c,sullj105,sulliv010joh,Sullivan,John,John Lawrence,18900321
1916-NYSL:tamsett,cw:7773fa67,,tamset001jam,Tamsett,James,James Edward,1874
1916-NYSL:taylor,cw:24481769,,taylor002wil,Taylor,William,William,
1916-NYSL:volz,cw:537e9e91,,voltz-001cha,Voltz,Charles,Charles Julius,18880803
1916-NYSL:wacher,cw:344187d1,,wacher001---,Wacher,,,
1916-NYSL:wagner,cw:2da0d506,,wagner001ott,Wagner,Otto,Otto,
1916-NYSL:walker,cw:0958b571,walkd102,walker001ewa,Walker,Dixie,Ewart Gladstone,18880601
1916-NYSL:walsh,cw:68529e2b,,walsh-001ant,Walsh,Anthony,Anthony,
1916-NYSL:wanamaker,cw:ed3169e1,,wanama001c--,Wanamaker,C. L.,C. L.,
1916-NYSL:ward,cw:c43fa3cb,wardj102,ward--001jos,Ward,Joe,Joseph Aloysius,18840902
1916-NYSL:wheat,cw:e9df915c,wheam101,wheat-001mck,Wheat,Mack,McKinley Davis,18930609
1916-NYSL:wilhelm,cw:9cb67b89,wilhk101,wilhel001irv,Wilhelm,Kaiser,Irvin Key,18770126
1916-NYSL:wiltse,cw:ce9bc9aa,wilth102,wiltse001geo,Wiltse,Hooks,George Leroy,18790907
1916-NYSL:zacker,cw:ccd21193,zache101,zacher001elm,Zacher,Elmer,Elmer Henry,18800917
1916-NYSL:zimmerman,cw:dfc70d39,,zimmer018---,Zimmerman,,,
1916-NYSL:zinn,cw:78c31666,zinng101,zinn--001guy,Zinn,Guy,Guy,18870213
1916-PCL:arellanes,cw:47619378,arelf101,arella001fra,Arellanes,Frank,Frank Julian,18820128
1916-PCL:autrey,cw:c667205c,autrc101,autry-001wil,Autry,Chick,William Askew,18850102
1916-PCL:barbeau,cw:4763be53,barbj101,barbea001wil,Barbeau,Jap,William Joseph,18820610
1916-PCL:barry,cw:0fceb247,,barry-001mal,Barry,Mal,Malcolm Frederick,18920515
1916-PCL:bassler,cw:df4127cf,bassj102,bassle002joh,Bassler,Johnny,John Landis,18950603
1916-PCL:bates,cw:ae669dd5,bater101,bates-001ray,Bates,Ray,Raymond,18900208
1916-PCL:baum,cw:86555d55,,baum--002cha,Baum,Charles,Charles Adrian,18820528
1916-PCL:bayless,cw:a1c73a18,bayld101,bayles001har,Bayless,Dick,Harry Owen,18830906
1916-PCL:beer,cw:d555e2ab,,beer--001sam,Beer,Sam,Samuel W.,18870116
1916-PCL:berger,cw:26ac52d4,bergj103,berger001jos,Berger,Joe,Joseph August,18861220
1916-PCL:bodie,cw:712236b9,bodip101,bodie-002fra,Bodie,Ping,Frank Stephen,18871008
1916-PCL:boles,cw:c2b0abc2,,boles-001wal,Boles,Walter,Walter Grey,18850626
1916-PCL:boyd,cw:c77c2cfe,boydr101,boyd--002ray,Boyd,Ray,Raymond C.,18870211
1916-PCL:brief,cw:10fc7e57,brieb101,brief-001ant,Brief,Bunny,Anthony Vincent,18920703
1916-PCL:brooks,cw:d18dcd24,,brooks001cla,Brooks,Clarence,Clarence M.,18881218
1916-PCL:brown,cw:8741ca77,browc104,brown-016cha,Brown,Curly,Charles Roy,18881209
1916-PCL:burns,cw:7c4cd038,burnb101,burns-006wil,Burns,Bill,William Thomas,18800127
1916-PCL:butler,cw:85aef0b4,butlj101,butler006joh,Butler,Johnny,John Stephen,18930320
1916-PCL:cadman,cw:f71ff635,,cadman001wal,Cadman,Walt,Walter Joseph,18850820
1916-PCL:callahan,cw:4b5aa816,,callah001cha,Callahan,Charley,Charles H.,
1916-PCL:callan,cw:cb7e96d5,,callan001f--,Callan,Buster,Forrest Branson,18950503
1916-PCL:calvo,cw:07524210,calvj101,calvo-001jac,Calvo,Jack,Jacinto,18940611
1916-PCL:chance,cw:21604876,chanf101,chance001fra,Chance,Frank,Frank Leroy,18760909
1916-PCL:coffey,cw:ab1d19fc,coffj101,coffey001joh,Coffey,Jack,John Francis,18870128
1916-PCL:cook,cw:bbe0fb34,cookd101,cook--001lut,Cook,Doc,Luther Almus,18860624
1916-PCL:corhan,cw:62e456d8,corhr101,corhan001roy,Corhan,Roy,Roy George,18871021
1916-PCL:couch,cw:61585d2d,coucj101,couch-001joh,Couch,Johnny,John Daniel,18910331
1916-PCL:crandall,cw:93ccb646,crand101,cranda002jam,Crandall,Doc,James Otis,18871008
1916-PCL:cunningham,cw:34793548,cunnb102,cunnin003wil,Cunningham,Bill,William Aloysius,18940730
1916-PCL:daley,cw:ed730827,dalet101,daley-001tho,Daley,Tom,Thomas Francis,18841113
1916-PCL:dalton,cw:8a27889b,daltj101,dalton001tal,Dalton,Jack,Tolbert Percy,18850703
1916-PCL:davis,cw:147dd42b,,davis-012rob,Davis,Bobby,Robert H. S.,18900706
1916-PCL:decanniere,cw:f7060789,,decann001fra,Decanniere,Frank,Frank Bernard,18860710
1916-PCL:doane,cw:7b9dd634,doanw101,doane-001wal,Doan,Walt,Walter Rudolph,18870312
1916-PCL:dougan,cw:647fbb39,,dougan002sta,Dougan,Stan,Stanley M.,
1916-PCL:downey,cw:c3aba339,,downey002tho,Downey,Tom,Thomas Charles,18870815
1916-PCL:downs,cw:7505eb88,downr101,downs-001jer,Downs,Red,Jerome Willis,18830823
1916-PCL:easterly,cw:8f5fed1a,eastt101,easter001the,Easterly,Ted,Theodore Harrison,18850420
1916-PCL:eldred,cw:5eab175d,,eldred001ros,Eldred,Ross,Ross C.,18920726
1916-PCL:elliott.f,cw:ec305645,,elliot001fra,Elliott,Frank,Frank,
1916-PCL:elliott.h,cw:869af80e,ellir104,elliot001har,Elliott,Rowdy,Harold Bell,18900708
1916-PCL:ellis,cw:dae12479,ellir102,ellis-003geo,Ellis,Rube,George William,18851117
1916-PCL:erickson,cw:af0fc5f5,erice101,ericks001eri,Erickson,Eric,Eric George Adolph,18920313
1916-PCL:evans-por,cw:78c42975,evanj101,evans-003jos,Evans,Joe,Joseph Patton,18950515
1916-PCL:evans-sl,cw:9539d77c,,evans-001eva,Evans,Rube,Evan,1890
1916-PCL:fanning,cw:3217b7e0,,fannin001cha,Fanning,Charles,Charles Ambers,18870828
1916-PCL:fisher-la,cw:939d0ef5,fisht103,fisher002rob,Fisher,Bob,Robert Taylor,18861103
1916-PCL:fisher-por,cw:4bf020cb,fishg101,fisher001aug,Fisher,Gus,August Harris,18851021
1916-PCL:fittery,cw:24f78630,fittp101,fitter001pau,Fittery,Paul,Paul Clarence,18871010
1916-PCL:fitzgerald,cw:967f08ff,fitzm102,fitzge001jus,Fitzgerald,Mike,Justin Howard,18910626
1916-PCL:fromme,cw:65266669,froma101,fromme001art,Fromme,Art,Arthur Henry,18830903
1916-PCL:galloway,cw:9eed9f72,gallj101,gallow001jam,Galloway,Jim,James Cato,18870916
1916-PCL:gardner,cw:0fb9d793,,gardne001lut,Gardner,Rube,Luther Curtis,18831105
1916-PCL:gislason,cw:9b2298fb,,gislas002gar,Gislason,Garde,Garde,18940922
1916-PCL:gleichman,cw:19b72481,,gleich001gus,Gleichmann,Gus,August,18910111
1916-PCL:gregory,cw:433bf016,gregh101,gregor001how,Gregory,Howie,Howard Watterson,18861118
1916-PCL:griffith,cw:558e601f,,griffi004dav,Griffith,Dave,David,
1916-PCL:griggs,cw:22b3a8b5,griga101,griggs001art,Griggs,Art,Arthur Carle,18831210
1916-PCL:guigni,cw:bbf7dc8a,,guigni001fra,Guigni,Frank,Frank L.,
1916-PCL:guisto,cw:556ee883,guisl101,guisto001lou,Guisto,Lou,Louis Joseph,18950116
1916-PCL:hagerman,cw:0cd127de,hager101,hagerm001zer,Hagerman,Rip,Zerah Zequiel,18860620
1916-PCL:hall-la,cw:f442d879,hallc103,hall--004cha,Hall,Charley,Charles Louis,18840727
1916-PCL:hall-sf,cw:7dfe650e,,hall--003fra,Hall,Frank,Frank F.,
1916-PCL:hall-sl,cw:89742033,hallb108,hall--001her,Hall,Bert,Herbert Earl,18891015
1916-PCL:hallinan,cw:46bcf087,halle101,hallin001edw,Hallinan,Ed,Edward S.,18880823
1916-PCL:hannah,cw:3532c682,hannt101,hannah002jam,Hannah,Truck,James Harrison,18890605
1916-PCL:harwood,cw:56846fad,,harwoo001har,Harwood,Hal,Harold,
1916-PCL:hess,cw:fc619643,hesso101,hess--001ott,Hess,Otto,Otto C.,18781010
1916-PCL:higginbotham,cw:91966bfa,higgi101,higgin001irv,Higginbotham,Irv,Irving Clinton,18820426
1916-PCL:hillyard,cw:efca3886,,hillya001dav,Hillyard,Dave,David,
1916-PCL:hoff,cw:17041685,hoffr102,hoff--002che,Hoff,Red,Chester Cornelius,18910508
1916-PCL:hogg,cw:a850cd6d,hoggb102,hogg--001car,Hogg,Brad,Carter Bradley,18890326
1916-PCL:hollocher,cw:78c0c3d1,hollc101,holloc001cha,Hollocher,Charlie,Charles Jacob,18960611
1916-PCL:horstman,cw:dbf425ee,horso101,horstm001osc,Horstmann,Oscar,Oscar Theodore,18910602
1916-PCL:houck,cw:23f1b6a0,houcb101,houck-001byr,Houck,Byron,Byron Simon,18910828
1916-PCL:howard-oak,cw:9b2141cd,howad102,howard001geo,Howard,Del,George Elmer,18771224
1916-PCL:howard-por,cw:f140dddd,howai101,howard001ivo,Howard,Ivan,Ivan Chester,18821012
1916-PCL:hughes,cw:66a6be82,hught103,hughes004tho,Hughes,Tom,Thomas James,18781129
1916-PCL:jackson,cw:11ce25e1,jackc102,jackso002cha,Jackson,Charlie,Charles Herbert,18940207
1916-PCL:johnson.e,cw:ec52a438,johnw101,johnso003ell,Johnson,Ellis,Ellis Walter,18921208
1916-PCL:johnson.g,cw:f886553c,johnc102,johnso005geo,Johnson,Chief,George Howard,18860330
1916-PCL:jones,cw:2c553db6,joneb103,jones-029rob,Jones,Bob,Robert Walter,18891202
1916-PCL:kallio,cw:31029817,kallr101,kallio001rud,Kallio,Rudy,Rudolph,18921214
1916-PCL:kane,cw:22b98c3c,kanej103,kane--002joh,Kane,John,John Francis,18820924
1916-PCL:kelly,cw:6f002e80,kellh102,kelly-002her,Kelly,Herb,Herbert Barrett,18920604
1916-PCL:kenworthy,cw:fb5826c2,kenwd101,kenwor001wil,Kenworthy,Duke,William Jennings,18860704
1916-PCL:kinney,cw:8e168b1b,kinnw101,kinney002wal,Kinney,Walt,Walter William,18930909
1916-PCL:klawitter,cw:3b18035b,klawa101,klawit001alb,Klawitter,Al,Albert Herman,18890320
1916-PCL:klein,cw:8e92d0cb,,klein-001edw,Klein,Eddie,Edward L.,18910805
1916-PCL:koerner,cw:2ae3aa09,,koerne001phi,Koerner,Phil,Phillip A.,18850318
1916-PCL:lane,cw:a2b7db28,,lane--002wil,Lane,Billy,William Cleveland,18921129
1916-PCL:loudermilk,cw:27719f7c,lowdg101,lowder001gro,Lowdermilk,Grover,Grover Cleveland,18850115
1916-PCL:maggert,cw:c56cf7a5,maggh102,magger001har,Maggert,Harl,Harl Vestin,18830213
1916-PCL:martin,cw:b0e97e2d,marts102,martin001elw,Martin,Speed,Elwood Good,18930915
1916-PCL:mattick,cw:aa4b524a,mattw101,mattic001wal,Mattick,Wally,Walter Joseph,18870312
1916-PCL:mcgaffigan,cw:33887ee9,mcgap101,mcgaff001mar,McGaffigan,Patsy,Mark Andrew,18880912
1916-PCL:mclarry,cw:53b6aed7,mclap101,mclarr001how,McLarry,Polly,Howard Zell,18910325
1916-PCL:middleton,cw:18bd911d,,middle001rob,Middleton,Robert,Robert Hugh,18880815
1916-PCL:mitchell,cw:6844c7c8,mitcr101,mitche001alb,Mitchell,Roy,Albert Roy,18850419
1916-PCL:mitze,cw:8d73bf65,,mitze-001car,Mitze,Carl,Carl A.,18861107
1916-PCL:murphy-la+sl,cw:5d069f2a,murpd101,murphy001her,Murphy,Dummy,Herbert Courtland,18861218
1916-PCL:murphy-oak,cw:13d73231,,murphy011rob,Murphy,Rod,Robert O. D.,18921019
1916-PCL:nixon,cw:b3066907,,nixon-002wil,Nixon,Billy,William,
1916-PCL:noyes,cw:0ddb470f,noyew101,noyes-001win,Noyes,Win,Winfield Charles,18890616
1916-PCL:obrien,cw:d416e79f,obrim101,obrien002fra,O'Brien,Dink,Frank Aloysius,18940913
1916-PCL:oldham,cw:a9f7370f,oldhr101,oldham001joh,Oldham,Red,John Cyrus,18930715
1916-PCL:orr,cw:351af594,orr-b101,orr---002wil,Orr,Billy,William John,18910422
1916-PCL:perritt,cw:861c3038,,perrit001mad,Perritt,Madison,Madison Floyd,18850402
1916-PCL:piercy,cw:d177daed,pierb103,piercy001wil,Piercy,Bill,William Benton,18960502
1916-PCL:prough,cw:c79ab969,proub101,prough001her,Prough,Bill,Herschel Clinton,18871128
1916-PCL:quinlan,cw:52f346ef,quinf101,quinla001tho,Quinlan,Finners,Thomas A.,18871021
1916-PCL:quinn,cw:cf88d73c,quinj102,quinn-007joh,Quinn,Jack,John Picus,18830701
1916-PCL:rader,cw:31b3e301,raded104,rader-001don,Rader,Don,Donald Russell,18930905
1916-PCL:rath,cw:50bba699,rathm101,rath--001mor,Rath,Morrie,Morris Charles,18861225
1916-PCL:reuther,cw:bdbe89ae,ruetd101,ruethe001wal,Ruether,Dutch,Walter Henry,18930913
1916-PCL:risberg,cw:fde3d63f,risbs101,risber001cha,Risberg,Swede,Charles August,18941013
1916-PCL:roche,cw:8b2ec88a,rochj101,roche-002joh,Roche,Jack,John Joseph,18901122
1916-PCL:rodgers,cw:d0ab0f92,rodgb103,rodger001wil,Rodgers,Bill,Wilbur Kincaid,18870418
1916-PCL:ryan-la,cw:9ef0f73a,ryanj102,ryan--001jac,Ryan,Jack,Jack,18840919
1916-PCL:ryan-sl,cw:27728278,ryanb102,ryan--005joh,Ryan,Buddy,John Budd,18851006
1916-PCL:schaller,cw:2294da5b,schab103,schall001wal,Schaller,Biff,Walter,18890923
1916-PCL:schmidt,cw:b252f8b9,schmb102,schmid001cha,Schmidt,Boss,Charles,18800912
1916-PCL:schultz,cw:24635f24,schuj101,schult003jos,Schultz,Joe,Joseph Charles,18930724
1916-PCL:scoggins,cw:581ddfb9,scogj101,scoggi001lyn,Scoggins,Jim,Lynn J.,18910709
1916-PCL:sepulveda,cw:28280677,,sepulv001lui,Sepulveda,Lou,Luis Manuel,1883
1916-PCL:sheehan,cw:a1803432,,sheeha001les,Sheehan,Les,Leslie M.,18940730
1916-PCL:sheely,cw:79513aef,sheee101,sheely001ear,Sheely,Earl,Earl Homer,18930212
1916-PCL:shinn,cw:35b0cc58,,shinn-001jam,Shinn,Jimmy,James Elmer,18840123
1916-PCL:sothoron,cw:64816a9a,sotha101,sothor001all,Sothoron,Allan,Allen Sutton,18930427
1916-PCL:southworth,cw:b8be8c57,soutb101,southw003wil,Southworth,Billy,William Harold,18930309
1916-PCL:speas,cw:b2887c51,,speas-002wil,Speas,Bill,William John,18870817
1916-PCL:spencer,cw:d7600bc8,spent101,spence002edw,Spencer,Tubby,Edward Russell,18840126
1916-PCL:standridge,cw:a741c84f,stanp101,standr001alf,Standridge,Pete,Alfred Peter,18920425
1916-PCL:steen,cw:c8121b71,steeb101,steen-001wil,Steen,Bill,William John,18871111
1916-PCL:stumpf,cw:9d99d81a,stumb101,stumpf001wil,Stumpf,Bill,William Frederick,18920321
1916-PCL:vann,cw:eb24bca9,vannj102,vann--001joh,Vann,John,John Silas,18900607
1916-PCL:vaughn,cw:5604f638,vaugb101,vaughn002rob,Vaughn,Bobby,Robert,18850604
1916-PCL:ward,cw:133e68d3,wardc102,ward--002cha,Ward,Chuck,Charles William,18940730
1916-PCL:warhop,cw:31b41b91,warhj101,warhop001joh,Warhop,Jack,John Milton,18840704
1916-PCL:whaling,cw:f04a0125,whalb101,whalin001alb,Whaling,Bert,Albert James,18880622
1916-PCL:wilie,cw:49c1adcd,wilid101,wilie-001den,Wilie,Denney,Dennis Ernest,18900922
1916-PCL:williams,cw:4a926ed9,willk101,willia007ken,Williams,Ken,Kenneth Roy,18900628
1916-PCL:wolter,cw:c4eab0b8,wolth101,wolter001har,Wolter,Harry,Harry Meiggs,18840711
1916-PCL:wolverton,cw:41cb67cd,wolvh101,wolver001har,Wolverton,Harry,Harry Sterling,18731206
1916-PCL:zabel,cw:7d6359f6,zabez101,zabel-001geo,Zabel,Zip,George Washington,18910218
1916-PCL:zimmerman,cw:ac6bca22,zimmb101,zimmer001wil,Zimmerman,Bill,William Frederick,18870120
